"Барча солиқ турлари бўйича бўйича    ""CAPITAL LOGISTICS 2020"" MAS'ULIYATI CHEKLANGAN JAMIYAT нинг (СТИР: 308020562)    2025 йил учун     Тошкент шаҳар, Янгиҳаёт тумани даги    ШАХСИЙ ҲИСОБВАРАҒИ";;;;;;;;;;;;;;;;;
Шакллантирилган сана ва вақти: 06.02.2026 16:03:54    Манба:  Электрон солиқ хизматлари портали (https://my3.soliq.uz);;;;;;;;;;;;;;;;;
;;;;;;;;;;;;;;;;;сўм
Ҳудуд;Солиқ коди;Солиқ номи;Операция санаси;Операция мазмуни;Тўлов муддати;Тўлаш учун ҳисобланган;Камайтирилган;Тўланган;Қайтарилган;Қарздорлик;Ортиқча тўлов;Салбий фарқ;Пеня;Пеня муддати;Туланган пеня;Қолдиқ пеня;Ортиқча тўланган сумма
Тошкент шаҳар Янгиҳаёт тумани;1;Қўшилган қиймат солиғи;;Сальдо на;01.01.2025;0;0;0;0;172 839 189,95;0;0;0;;0;701 920,19;0
Тошкент шаҳар Янгиҳаёт тумани;1;Қўшилган қиймат солиғи;03.01.2025;Пост.сог.Мемор №136 Прочие ;03.01.2025;0;0;1 672 081,75;0;171 167 108,20;0;0;0;;0;701 920,19;0
Тошкент шаҳар Янгиҳаёт тумани;1;Қўшилган қиймат солиғи;03.01.2025;Нач.часть пени 80%;03.01.2025;0;0;0;0;171 167 108,20;0;0;124 444,22;02.01.2025 - 03.01.2025;0;826 364,41;0
Тошкент шаҳар Янгиҳаёт тумани;1;Қўшилган қиймат солиғи;13.01.2025;Пост.сог.Мемор №686002712 Прочие ;13.01.2025;0;0;369 720,95;0;170 797 387,25;0;0;0;;0;826 364,41;0
Тошкент шаҳар Янгиҳаёт тумани;1;Қўшилган қиймат солиғи;13.01.2025;Пост.сог.Мемор №140 Прочие ;13.01.2025;0;0;172 055 092,77;0;0;1 257 705,52;0;0;;0;826 364,41;0
Тошкент шаҳар Янгиҳаёт тумани;1;Қўшилган қиймат солиғи;13.01.2025;Нач.часть пени 80%;13.01.2025;0;0;0;0;0;0;0;616 201,59;04.01.2025 - 13.01.2025;1 257 705,52;184 860,48;0
Тошкент шаҳар Янгиҳаёт тумани;1;Қўшилган қиймат солиғи;20.01.2025;С расчета за 12 м.;20.01.2025;59 428 339,98;0;0;0;59 428 339,98;0;0;0;;0;184 860,48;0
Тошкент шаҳар Янгиҳаёт тумани;1;Қўшилган қиймат солиғи;20.01.2025;Пост.сог.Мемор №13 Прочие ;20.01.2025;0;0;540 811,98;0;58 887 528,00;0;0;0;;0;184 860,48;0
Тошкент шаҳар Янгиҳаёт тумани;1;Қўшилган қиймат солиғи;22.01.2025;Пост.сог.Мемор №13 Прочие ;22.01.2025;0;0;58 959 188,02;0;0;71 660,02;0;0;;0;184 860,48;0
Тошкент шаҳар Янгиҳаёт тумани;1;Қўшилган қиймат солиғи;22.01.2025;Нач.часть пени 80%;22.01.2025;0;0;0;0;0;0;0;42 399,02;21.01.2025 - 22.01.2025;71 660,02;155 599,48;0
Тошкент шаҳар Янгиҳаёт тумани;1;Қўшилган қиймат солиғи;05.02.2025;Пост.сог.Мемор №712150883 Прочие ;05.02.2025;0;0;155 599,48;0;0;0;0;0;;155 599,48;0;0
Тошкент шаҳар Янгиҳаёт тумани;1;Қўшилган қиймат солиғи;20.02.2025;С расчета за 1 м.;20.02.2025;71 665 447,15;0;0;0;71 665 447,15;0;0;0;;0;0;0
Тошкент шаҳар Янгиҳаёт тумани;1;Қўшилган қиймат солиғи;26.02.2025;С перерасчета за 6 м. 2023 г.;26.02.2025;0;0;0;0;71 665 447,15;0;0;0;;0;0;0
Тошкент шаҳар Янгиҳаёт тумани;1;Қўшилган қиймат солиғи;26.02.2025;С перерасчета за 7 м. 2023 г.;26.02.2025;0;0;0;0;71 665 447,15;0;0;0;;0;0;0
Тошкент шаҳар Янгиҳаёт тумани;1;Қўшилган қиймат солиғи;26.02.2025;Нач.часть пени 80%;26.02.2025;0;0;0;0;71 665 447,15;0;0;154 797,37;21.02.2025 - 26.02.2025;0;154 797,37;0
Тошкент шаҳар Янгиҳаёт тумани;1;Қўшилган қиймат солиғи;28.02.2025;Пост.сог.Мемор №38 Прочие ;28.02.2025;0;0;266 855,88;0;71 398 591,27;0;0;0;;0;154 797,37;0
Тошкент шаҳар Янгиҳаёт тумани;1;Қўшилган қиймат солиғи;28.02.2025;Нач.часть пени 80%;28.02.2025;0;0;0;0;71 398 591,27;0;0;51 599,12;27.02.2025 - 28.02.2025;0;206 396,49;0
Тошкент шаҳар Янгиҳаёт тумани;1;Қўшилган қиймат солиғи;03.03.2025;С перерасчета за 11 м. 2023 г.;03.03.2025;0;0;0;0;71 398 591,27;0;0;0;;0;206 396,49;0
Тошкент шаҳар Янгиҳаёт тумани;1;Қўшилган қиймат солиғи;03.03.2025;Нач.часть пени 80%;03.03.2025;0;0;0;0;71 398 591,27;0;0;77 110,48;01.03.2025 - 03.03.2025;0;283 506,97;0
Тошкент шаҳар Янгиҳаёт тумани;1;Қўшилган қиймат солиғи;07.03.2025;Пост.сог.Мемор №38 Прочие ;07.03.2025;0;0;71 433 144,12;0;0;34 552,85;0;0;;0;283 506,97;0
Тошкент шаҳар Янгиҳаёт тумани;1;Қўшилган қиймат солиғи;07.03.2025;Пост.сог.Мемор №732186061 Прочие ;07.03.2025;0;0;94 444,96;0;0;128 997,81;0;0;;0;283 506,97;0
Тошкент шаҳар Янгиҳаёт тумани;1;Қўшилган қиймат солиғи;07.03.2025;Пост.сог.Мемор №742163422 Прочие ;07.03.2025;0;0;257 323,13;0;0;386 320,94;0;0;;0;283 506,97;0
Тошкент шаҳар Янгиҳаёт тумани;1;Қўшилган қиймат солиғи;07.03.2025;Нач.часть пени 80%;07.03.2025;0;0;0;0;0;0;0;102 813,97;04.03.2025 - 07.03.2025;386 320,94;0;0
Тошкент шаҳар Янгиҳаёт тумани;1;Қўшилган қиймат солиғи;20.03.2025;С расчета за 2 м.;20.03.2025;9 257 215,98;0;0;0;9 257 215,98;0;0;0;;0;0;0
Тошкент шаҳар Янгиҳаёт тумани;1;Қўшилган қиймат солиғи;20.03.2025;Пост.сог.Мемор №63 Прочие ;20.03.2025;0;0;9 300 000,00;0;0;42 784,02;0;0;;0;0;0
Тошкент шаҳар Янгиҳаёт тумани;1;Қўшилган қиймат солиғи;25.03.2025;С перерасчета за 2 м. 2024 г.;25.03.2025;0;0;0;0;0;42 784,02;0;0;;0;0;0
Тошкент шаҳар Янгиҳаёт тумани;1;Қўшилган қиймат солиғи;21.04.2025;С расчета за 3 м.;21.04.2025;122 835 834,63;0;0;0;122 793 050,61;0;0;0;;0;0;0
Тошкент шаҳар Янгиҳаёт тумани;1;Қўшилган қиймат солиғи;22.04.2025;Пост.сог.Мемор №79 Прочие ;22.04.2025;0;0;3 422 063,59;0;119 370 987,02;0;0;0;;0;0;0
Тошкент шаҳар Янгиҳаёт тумани;1;Қўшилган қиймат солиғи;22.04.2025;Пост.сог.Мемор №79 Прочие ;22.04.2025;0;0;26 269 760,00;0;93 101 227,02;0;0;0;;0;0;0
Тошкент шаҳар Янгиҳаёт тумани;1;Қўшилган қиймат солиғи;22.04.2025;Пост.сог.Мемор №79 Прочие ;22.04.2025;0;0;420 000,00;0;92 681 227,02;0;0;0;;0;0;0
Тошкент шаҳар Янгиҳаёт тумани;1;Қўшилган қиймат солиғи;22.04.2025;Нач.часть пени 80%;22.04.2025;0;0;0;0;92 681 227,02;0;0;45 842,74;22.04.2025 - 22.04.2025;0;45 842,74;0
Тошкент шаҳар Янгиҳаёт тумани;1;Қўшилган қиймат солиғи;28.04.2025;Пост.сог.Заключ №3346127001 Прочие ;28.04.2025;0;0;4 705 045,49;0;87 976 181,53;0;0;0;;0;45 842,74;0
Тошкент шаҳар Янгиҳаёт тумани;1;Қўшилган қиймат солиғи;28.04.2025;Пост.сог.Мемор №79 Прочие ;28.04.2025;0;0;7 325 000,00;0;80 651 181,53;0;0;0;;0;45 842,74;0
Тошкент шаҳар Янгиҳаёт тумани;1;Қўшилган қиймат солиғи;28.04.2025;Пост.сог.Мемор №79 Прочие ;28.04.2025;0;0;41 552 000,00;0;39 099 181,53;0;0;0;;0;45 842,74;0
Тошкент шаҳар Янгиҳаёт тумани;1;Қўшилган қиймат солиғи;28.04.2025;Нач.часть пени 80%;28.04.2025;0;0;0;0;39 099 181,53;0;0;207 605,95;23.04.2025 - 28.04.2025;0;253 448,69;0
Тошкент шаҳар Янгиҳаёт тумани;1;Қўшилган қиймат солиғи;29.04.2025;Пост.сог.Мемор №79 Прочие ;29.04.2025;0;0;4 536 000,00;0;34 563 181,53;0;0;0;;0;253 448,69;0
Тошкент шаҳар Янгиҳаёт тумани;1;Қўшилган қиймат солиғи;29.04.2025;Нач.часть пени 80%;29.04.2025;0;0;0;0;34 563 181,53;0;0;14 597,02;29.04.2025 - 29.04.2025;0;268 045,71;0
Тошкент шаҳар Янгиҳаёт тумани;1;Қўшилган қиймат солиғи;02.05.2025;Пост.сог.Мемор №79 Прочие ;02.05.2025;0;0;19 600 000,00;0;14 963 181,53;0;0;0;;0;268 045,71;0
Тошкент шаҳар Янгиҳаёт тумани;1;Қўшилган қиймат солиғи;02.05.2025;Нач.часть пени 80%;02.05.2025;0;0;0;0;14 963 181,53;0;0;38 710,76;30.04.2025 - 02.05.2025;0;306 756,47;0
Тошкент шаҳар Янгиҳаёт тумани;1;Қўшилган қиймат солиғи;05.05.2025;Пост.сог.Мемор №79 Прочие ;05.05.2025;0;0;8 000 000,00;0;6 963 181,53;0;0;0;;0;306 756,47;0
Тошкент шаҳар Янгиҳаёт тумани;1;Қўшилган қиймат солиғи;05.05.2025;Пост.сог.Заключ №3519270001 Прочие ;05.05.2025;0;0;6 002 160,00;0;961 021,53;0;0;0;;0;306 756,47;0
Тошкент шаҳар Янгиҳаёт тумани;1;Қўшилган қиймат солиғи;05.05.2025;Пост.сог.Заключ №3519271001 Прочие ;05.05.2025;0;0;7 500 000,00;0;0;6 538 978,47;0;0;;0;306 756,47;0
Тошкент шаҳар Янгиҳаёт тумани;1;Қўшилган қиймат солиғи;05.05.2025;Пост.сог.Мемор №79 Прочие ;05.05.2025;0;0;11 775 176,41;0;0;18 314 154,88;0;0;;0;306 756,47;0
Тошкент шаҳар Янгиҳаёт тумани;1;Қўшилган қиймат солиғи;05.05.2025;Нач.часть пени 80%;05.05.2025;0;0;0;0;0;17 990 639,65;0;16 758,76;03.05.2025 - 05.05.2025;323 515,23;0;0
Тошкент шаҳар Янгиҳаёт тумани;1;Қўшилган қиймат солиғи;12.05.2025;Пост.сог.Мемор №86 Прочие ;12.05.2025;0;0;216 600 000,00;0;0;234 590 639,65;0;0;;0;0;0
Тошкент шаҳар Янгиҳаёт тумани;1;Қўшилган қиймат солиғи;14.05.2025;С расчета за 4 м.;20.05.2025;216 394 573,47;0;0;0;0;18 196 066,18;0;0;;0;0;18 196 066,18
Тошкент шаҳар Янгиҳаёт тумани;1;Қўшилган қиймат солиғи;20.06.2025;С расчета за 5 м.;20.06.2025;67 955 329,13;0;0;0;49 759 262,95;0;0;0;;0;0;0
Тошкент шаҳар Янгиҳаёт тумани;1;Қўшилган қиймат солиғи;23.06.2025;Пост.сог.Мемор №125 Прочие ;23.06.2025;0;0;735 229,09;0;49 024 033,86;0;0;0;;0;0;0
Тошкент шаҳар Янгиҳаёт тумани;1;Қўшилган қиймат солиғи;23.06.2025;Нач.часть пени 80%;23.06.2025;0;0;0;0;49 024 033,86;0;0;55 730,38;21.06.2025 - 23.06.2025;0;55 730,38;0
Тошкент шаҳар Янгиҳаёт тумани;1;Қўшилган қиймат солиғи;24.06.2025;Пост.сог.Заключ №4414018001 Прочие ;24.06.2025;0;0;12 451,16;0;49 011 582,70;0;0;0;;0;55 730,38;0
Тошкент шаҳар Янгиҳаёт тумани;1;Қўшилган қиймат солиғи;24.06.2025;Пост.сог.Заключ №4414017001 Прочие ;24.06.2025;0;0;12 316,18;0;48 999 266,52;0;0;0;;0;55 730,38;0
Тошкент шаҳар Янгиҳаёт тумани;1;Қўшилган қиймат солиғи;24.06.2025;Пост.сог.Мемор №125 Прочие ;24.06.2025;0;0;50 264 770,91;0;0;1 265 504,39;0;0;;0;55 730,38;0
Тошкент шаҳар Янгиҳаёт тумани;1;Қўшилган қиймат солиғи;24.06.2025;Нач.часть пени 80%;24.06.2025;0;0;0;0;0;1 191 471,71;0;18 302,30;24.06.2025 - 24.06.2025;74 032,68;0;0
Тошкент шаҳар Янгиҳаёт тумани;1;Қўшилган қиймат солиғи;21.07.2025;С расчета за 6 м.;21.07.2025;141 951 834,59;0;0;0;140 760 362,88;0;0;0;;0;0;0
Тошкент шаҳар Янгиҳаёт тумани;1;Қўшилган қиймат солиғи;22.07.2025;Пост.сог.Мемор №153 Прочие ;22.07.2025;0;0;787 215,01;0;139 973 147,87;0;0;0;;0;0;0
Тошкент шаҳар Янгиҳаёт тумани;1;Қўшилган қиймат солиғи;22.07.2025;Нач.часть пени 80%;22.07.2025;0;0;0;0;139 973 147,87;0;0;52 550,54;22.07.2025 - 22.07.2025;0;52 550,54;0
Тошкент шаҳар Янгиҳаёт тумани;1;Қўшилган қиймат солиғи;24.07.2025;Пост.сог.Мемор №153 Прочие ;24.07.2025;0;0;7 000 000,00;0;132 973 147,87;0;0;0;;0;52 550,54;0
Тошкент шаҳар Янгиҳаёт тумани;1;Қўшилган қиймат солиғи;24.07.2025;Нач.часть пени 80%;24.07.2025;0;0;0;0;132 973 147,87;0;0;104 513,28;23.07.2025 - 24.07.2025;0;157 063,82;0
Тошкент шаҳар Янгиҳаёт тумани;1;Қўшилган қиймат солиғи;28.07.2025;Пост.сог.Мемор №153 Прочие ;28.07.2025;0;0;7 853 328,00;0;125 119 819,87;0;0;0;;0;157 063,82;0
Тошкент шаҳар Янгиҳаёт тумани;1;Қўшилган қиймат солиғи;28.07.2025;Нач.часть пени 80%;28.07.2025;0;0;0;0;125 119 819,87;0;0;198 573,23;25.07.2025 - 28.07.2025;0;355 637,05;0
Тошкент шаҳар Янгиҳаёт тумани;1;Қўшилган қиймат солиғи;29.07.2025;Пост.сог.Мемор №153 Прочие ;29.07.2025;0;0;5 146 400,00;0;119 973 419,87;0;0;0;;0;355 637,05;0
Тошкент шаҳар Янгиҳаёт тумани;1;Қўшилган қиймат солиғи;29.07.2025;Нач.часть пени 80%;29.07.2025;0;0;0;0;119 973 419,87;0;0;46 711,40;29.07.2025 - 29.07.2025;0;402 348,45;0
Тошкент шаҳар Янгиҳаёт тумани;1;Қўшилган қиймат солиғи;04.08.2025;Пост.сог.Мемор №153 Прочие ;04.08.2025;0;0;403 200,00;0;119 570 219,87;0;0;0;;0;402 348,45;0
Тошкент шаҳар Янгиҳаёт тумани;1;Қўшилган қиймат солиғи;04.08.2025;Нач.часть пени 80%;04.08.2025;0;0;0;0;119 570 219,87;0;0;268 740,46;30.07.2025 - 04.08.2025;0;671 088,91;0
Тошкент шаҳар Янгиҳаёт тумани;1;Қўшилган қиймат солиғи;05.08.2025;Пост.сог.Мемор №153 Прочие ;05.08.2025;0;0;120 809 856,99;0;0;1 239 637,12;0;0;;0;671 088,91;0
Тошкент шаҳар Янгиҳаёт тумани;1;Қўшилган қиймат солиғи;05.08.2025;Нач.часть пени 80%;05.08.2025;0;0;0;0;0;523 908,66;0;44 639,55;05.08.2025 - 05.08.2025;715 728,46;0;0
Тошкент шаҳар Янгиҳаёт тумани;1;Қўшилган қиймат солиғи;20.08.2025;С расчета за 7 м.;20.08.2025;71 016 078,89;0;0;0;70 492 170,23;0;0;0;;0;0;0
Тошкент шаҳар Янгиҳаёт тумани;1;Қўшилган қиймат солиғи;09.09.2025;Пост.сог.Мемор №159 Прочие ;09.09.2025;0;0;71 020 000,00;0;0;527 829,77;0;0;;0;0;0
Тошкент шаҳар Янгиҳаёт тумани;1;Қўшилган қиймат солиғи;09.09.2025;Нач.часть пени 80%;09.09.2025;0;0;0;0;0;1 488,23;0;526 341,54;21.08.2025 - 09.09.2025;526 341,54;0;0
Тошкент шаҳар Янгиҳаёт тумани;1;Қўшилган қиймат солиғи;22.09.2025;С расчета за 8 м.;22.09.2025;56 573 585,99;0;0;0;56 572 097,76;0;0;0;;0;0;0
Тошкент шаҳар Янгиҳаёт тумани;1;Қўшилган қиймат солиғи;24.09.2025;Пост.сог.Мемор №173 Прочие ;24.09.2025;0;0;1 932 142,59;0;54 639 955,17;0;0;0;;0;0;0
Тошкент шаҳар Янгиҳаёт тумани;1;Қўшилган қиймат солиғи;24.09.2025;Пост.сог.Мемор №173 Прочие ;24.09.2025;0;0;54 667 857,41;0;0;27 902,24;0;0;;0;0;0
Тошкент шаҳар Янгиҳаёт тумани;1;Қўшилган қиймат солиғи;24.09.2025;Нач.часть пени 80%;24.09.2025;0;0;0;0;0;0;0;42 240,50;23.09.2025 - 24.09.2025;27 902,24;14 338,26;0
Тошкент шаҳар Янгиҳаёт тумани;1;Қўшилган қиймат солиғи;09.10.2025;Пост.сог.Заключ №5783533001 Прочие ;08.10.2025;0;0;14 338,26;0;0;0;0;0;;14 338,26;0;0
Тошкент шаҳар Янгиҳаёт тумани;1;Қўшилган қиймат солиғи;09.10.2025;Пост.сог.Заключ №5830630001 Прочие ;09.10.2025;0;0;14 338,26;0;0;14 338,26;0;0;;0;0;0
Тошкент шаҳар Янгиҳаёт тумани;1;Қўшилган қиймат солиғи;20.10.2025;С расчета за 9 м.;20.10.2025;237 887 154,01;0;0;0;237 872 815,75;0;0;0;;0;0;0
Тошкент шаҳар Янгиҳаёт тумани;1;Қўшилган қиймат солиғи;23.10.2025;Пост.сог.Мемор №196 Прочие ;23.10.2025;0;0;238 000 000,00;0;0;127 184,25;0;0;;0;0;0
Тошкент шаҳар Янгиҳаёт тумани;1;Қўшилган қиймат солиғи;23.10.2025;Нач.часть пени 80%;23.10.2025;0;0;0;0;0;0;0;266 417,55;21.10.2025 - 23.10.2025;127 184,25;139 233,30;0
Тошкент шаҳар Янгиҳаёт тумани;1;Қўшилган қиймат солиғи;31.10.2025;Пост.сог.Заключ №6014912001 Прочие ;24.10.2025;0;0;139 233,30;0;0;0;0;0;;139 233,30;0;0
Тошкент шаҳар Янгиҳаёт тумани;1;Қўшилган қиймат солиғи;11.11.2025;Пост.сог.Мемор №205 Прочие ;11.11.2025;0;0;79 000 000,00;0;0;79 000 000,00;0;0;;0;0;0
Тошкент шаҳар Янгиҳаёт тумани;1;Қўшилган қиймат солиғи;12.11.2025;С расчета за 10 м.;20.11.2025;78 670 220,59;0;0;0;0;329 779,41;0;0;;0;0;329 779,41
Тошкент шаҳар Янгиҳаёт тумани;1;Қўшилган қиймат солиғи;10.12.2025;С расчета за 11 м.;22.12.2025;0;4 868 501,97;0;0;0;5 198 281,38;4 868 501,97;0;;0;0;5 198 281,38
Тошкент шаҳар Янгиҳаёт тумани;1;Қўшилган қиймат солиғи;31.12.2025;Сальдо на 31.12.2025 г.;31.12.2025;1 133 635 614,41;4 868 501,97;1 310 624 145,69;0;0;5 198 281,38;4 868 501,97;3 117 641,73;01.01.2025 - 31.12.2025;3 819 561,92;0;5 198 281,38
Тошкент шаҳар Янгиҳаёт тумани;32;Фойда солиғи;;Сальдо на;01.01.2025;0;0;0;0;429 400 424,91;0;0;0;;0;73 453 236,72;0
Тошкент шаҳар Янгиҳаёт тумани;32;Фойда солиғи;13.01.2025;Пост.сог.Мемор №686002714 Прочие ;13.01.2025;0;0;74 489 977,83;0;354 910 447,08;0;0;0;;0;73 453 236,72;0
Тошкент шаҳар Янгиҳаёт тумани;32;Фойда солиғи;13.01.2025;Пост.сог.Мемор №141 Прочие ;13.01.2025;0;0;429 700 000,00;0;0;74 789 552,92;0;0;;0;73 453 236,72;0
Тошкент шаҳар Янгиҳаёт тумани;32;Фойда солиғи;13.01.2025;Нач.часть пени 80%;13.01.2025;0;0;0;0;0;0;0;1 855 009,83;02.01.2025 - 13.01.2025;74 789 552,92;518 693,63;0
Тошкент шаҳар Янгиҳаёт тумани;32;Фойда солиғи;22.01.2025;Пост.сог.Мемор №697148660 Прочие ;22.01.2025;0;0;518 693,63;0;0;0;0;0;;518 693,63;0;0
Тошкент шаҳар Янгиҳаёт тумани;32;Фойда солиғи;14.01.2025;Аван. платеж за 1 м.;23.01.2025;0;0;0;0;0;0;0;0;;0;0;0
Тошкент шаҳар Янгиҳаёт тумани;32;Фойда солиғи;19.02.2025;С перерасчета за 4 кв.2023 г.;19.02.2025;0;492 670 205,13;0;0;0;492 670 205,13;0;0;;0;0;492 670 205,13
Тошкент шаҳар Янгиҳаёт тумани;32;Фойда солиғи;19.02.2025;Умен. пени по перерасчету 80%;19.02.2025;0;0;0;0;0;492 670 205,13;0;-62 678 553,24;;0;-62 678 553,24;492 670 205,13
Тошкент шаҳар Янгиҳаёт тумани;32;Фойда солиғи;19.02.2025;Зачет излишне уплаченных сумм пени;19.02.2025;0;0;0;0;0;555 348 758,37;0;0;;0;0;492 670 205,13
Тошкент шаҳар Янгиҳаёт тумани;32;Фойда солиғи;14.01.2025;Аван. платеж за 2 м.;24.02.2025;0;0;0;0;0;555 348 758,37;0;0;;0;0;555 348 758,37
Тошкент шаҳар Янгиҳаёт тумани;32;Фойда солиғи;03.03.2025;С расчета за 4 кв.;03.03.2025;537 123 807,90;0;0;0;0;18 224 950,47;0;0;;0;0;18 224 950,47
Тошкент шаҳар Янгиҳаёт тумани;32;Фойда солиғи;20.03.2025;Возв.сог.Заключ №2947440001 Возв.сог.ПРОТОК ;14.03.2025;0;0;0;1 097,27;0;18 223 853,20;0;0;;0;0;18 223 853,20
Тошкент шаҳар Янгиҳаёт тумани;32;Фойда солиғи;20.03.2025;Возв.сог.Заключ №3057790001 Возв.сог.ПРОТОК ;18.03.2025;0;0;0;4 721 693,20;0;13 502 160,00;0;0;;0;0;13 502 160,00
Тошкент шаҳар Янгиҳаёт тумани;32;Фойда солиғи;20.03.2025;Возв.сог.Заключ №3057791001 Возв.сог.ПРОТОК ;18.03.2025;0;0;0;7 500 000,00;0;6 002 160,00;0;0;;0;0;6 002 160,00
Тошкент шаҳар Янгиҳаёт тумани;32;Фойда солиғи;20.03.2025;Возв.сог.Заключ №3057792001 Возв.сог.ПРОТОК ;18.03.2025;0;0;0;6 002 160,00;0;0;0;0;;0;0;0
Тошкент шаҳар Янгиҳаёт тумани;32;Фойда солиғи;14.01.2025;Аван. платеж за 3 м.;24.03.2025;0;0;0;0;0;0;0;0;;0;0;0
Тошкент шаҳар Янгиҳаёт тумани;32;Фойда солиғи;18.04.2025;С расчета за 1 кв.;21.04.2025;0;0;0;0;0;0;0;0;;0;0;0
Тошкент шаҳар Янгиҳаёт тумани;32;Фойда солиғи;03.04.2025;Аван. платеж за 4 м.;23.04.2025;0;0;0;0;0;0;0;0;;0;0;0
Тошкент шаҳар Янгиҳаёт тумани;32;Фойда солиғи;14.05.2025;С перерасчета за 4 кв.2024 г.;14.05.2025;235 000 000,00;0;0;0;235 000 000,00;0;0;0;;0;0;0
Тошкент шаҳар Янгиҳаёт тумани;32;Фойда солиғи;14.05.2025;Пост.сог.Мемор №107 Прочие ;14.05.2025;0;0;235 000 000,00;0;0;0;0;0;;0;0;0
Тошкент шаҳар Янгиҳаёт тумани;32;Фойда солиғи;14.05.2025;Нач. пени по перерасчету 80%;14.05.2025;0;0;0;0;0;0;0;6 155 720,19;;0;6 155 720,19;0
Тошкент шаҳар Янгиҳаёт тумани;32;Фойда солиғи;15.05.2025;С перерасчета за 1 кв.2025 г.;15.05.2025;12 957 917,85;0;0;0;12 957 917,85;0;0;0;;0;6 155 720,19;0
Тошкент шаҳар Янгиҳаёт тумани;32;Фойда солиғи;15.05.2025;Нач. пени по перерасчету 80%;15.05.2025;0;0;0;0;12 957 917,85;0;0;116 102,94;;0;6 271 823,13;0
Тошкент шаҳар Янгиҳаёт тумани;32;Фойда солиғи;19.05.2025;Пост.сог.Мемор №815082070 Прочие ;19.05.2025;0;0;12 957 917,85;0;0;0;0;0;;0;6 271 823,13;0
Тошкент шаҳар Янгиҳаёт тумани;32;Фойда солиғи;19.05.2025;Пост.сог.Мемор №113 Прочие ;19.05.2025;0;0;2 236 621,56;0;0;2 236 621,56;0;0;;0;6 271 823,13;0
Тошкент шаҳар Янгиҳаёт тумани;32;Фойда солиғи;19.05.2025;Нач.часть пени 80%;19.05.2025;0;0;0;0;0;0;0;19 350,49;16.05.2025 - 19.05.2025;2 236 621,56;4 054 552,06;0
Тошкент шаҳар Янгиҳаёт тумани;32;Фойда солиғи;20.05.2025;Пост.сог.Заключ №4071975001 Прочие ;20.05.2025;0;0;12 957 917,85;0;0;8 903 365,79;0;0;;4 054 552,06;0;0
Тошкент шаҳар Янгиҳаёт тумани;32;Фойда солиғи;03.04.2025;Аван. платеж за 5 м.;23.05.2025;0;0;0;0;0;8 903 365,79;0;0;;0;0;8 903 365,79
Тошкент шаҳар Янгиҳаёт тумани;32;Фойда солиғи;19.06.2025;С перерасчета за 4 кв.2024 г.;19.06.2025;0;0;0;0;0;8 903 365,79;0;0;;0;0;8 903 365,79
Тошкент шаҳар Янгиҳаёт тумани;32;Фойда солиғи;03.04.2025;Аван. платеж за 6 м.;23.06.2025;0;0;0;0;0;8 903 365,79;0;0;;0;0;8 903 365,79
Тошкент шаҳар Янгиҳаёт тумани;32;Фойда солиғи;26.06.2025;Возв.сог.Заключ №4453338001 Возв.сог.ПРОТОК ;26.06.2025;0;0;0;240,17;0;8 903 125,62;0;0;;0;0;8 903 125,62
Тошкент шаҳар Янгиҳаёт тумани;32;Фойда солиғи;27.06.2025;Возв.сог.Заключ №4499595001 Возв.сог.ПРОТОК ;27.06.2025;0;0;0;120,09;0;8 903 005,53;0;0;;0;0;8 903 005,53
Тошкент шаҳар Янгиҳаёт тумани;32;Фойда солиғи;21.07.2025;С расчета за 2 кв.;21.07.2025;212 321 893,20;0;0;0;203 418 887,67;0;0;0;;0;0;0
Тошкент шаҳар Янгиҳаёт тумани;32;Фойда солиғи;04.07.2025;Аван. платеж за 7 м.;23.07.2025;0;0;0;0;203 418 887,67;0;0;0;;0;0;0
Тошкент шаҳар Янгиҳаёт тумани;32;Фойда солиғи;23.07.2025;Нач.часть пени 80%;23.07.2025;0;0;0;0;203 418 887,67;0;0;151 886,10;22.07.2025 - 23.07.2025;0;151 886,10;0
Тошкент шаҳар Янгиҳаёт тумани;32;Фойда солиғи;05.08.2025;Пост.сог.Мемор №154 Прочие ;05.08.2025;0;0;179 190 143,01;0;24 228 744,66;0;0;0;;0;151 886,10;0
Тошкент шаҳар Янгиҳаёт тумани;32;Фойда солиғи;05.08.2025;Нач.часть пени 80%;05.08.2025;0;0;0;0;24 228 744,66;0;0;987 259,67;24.07.2025 - 05.08.2025;0;1 139 145,77;0
Тошкент шаҳар Янгиҳаёт тумани;32;Фойда солиғи;08.08.2025;Пост.сог.Мемор №154 Прочие ;08.08.2025;0;0;14 084 000,00;0;10 144 744,66;0;0;0;;0;1 139 145,77;0
Тошкент шаҳар Янгиҳаёт тумани;32;Фойда солиғи;08.08.2025;Нач.часть пени 80%;08.08.2025;0;0;0;0;10 144 744,66;0;0;27 136,19;06.08.2025 - 08.08.2025;0;1 166 281,96;0
Тошкент шаҳар Янгиҳаёт тумани;32;Фойда солиғи;12.08.2025;С перерасчета за 2 кв.2025 г.;12.08.2025;149 992 170,00;0;0;0;160 136 914,66;0;0;0;;0;1 166 281,96;0
Тошкент шаҳар Янгиҳаёт тумани;32;Фойда солиғи;12.08.2025;Нач. пени по перерасчету 80%;12.08.2025;0;0;0;0;160 136 914,66;0;0;5 729 162,32;;0;6 895 444,28;0
Тошкент шаҳар Янгиҳаёт тумани;32;Фойда солиғи;12.08.2025;Нач.часть пени 80%;12.08.2025;0;0;0;0;160 136 914,66;0;0;15 149,49;09.08.2025 - 12.08.2025;0;6 910 593,77;0
Тошкент шаҳар Янгиҳаёт тумани;32;Фойда солиғи;15.08.2025;Пост.сог.Мемор №154 Прочие ;15.08.2025;0;0;893 269,36;0;159 243 645,30;0;0;0;;0;6 910 593,77;0
Тошкент шаҳар Янгиҳаёт тумани;32;Фойда солиғи;15.08.2025;Нач.часть пени 80%;15.08.2025;0;0;0;0;159 243 645,30;0;0;179 353,34;13.08.2025 - 15.08.2025;0;7 089 947,11;0
Тошкент шаҳар Янгиҳаёт тумани;32;Фойда солиғи;20.08.2025;Пост.сог.Мемор №154 Прочие ;20.08.2025;0;0;383 546,57;0;158 860 098,73;0;0;0;;0;7 089 947,11;0
Тошкент шаҳар Янгиҳаёт тумани;32;Фойда солиғи;20.08.2025;Нач.часть пени 80%;20.08.2025;0;0;0;0;158 860 098,73;0;0;297 254,81;16.08.2025 - 20.08.2025;0;7 387 201,92;0
Тошкент шаҳар Янгиҳаёт тумани;32;Фойда солиғи;21.08.2025;Пост.сог.Мемор №154 Прочие ;21.08.2025;0;0;9 019 577,00;0;149 840 521,73;0;0;0;;0;7 387 201,92;0
Тошкент шаҳар Янгиҳаёт тумани;32;Фойда солиғи;21.08.2025;Пост.сог.Мемор №154 Прочие ;21.08.2025;0;0;5 874 032,87;0;143 966 488,86;0;0;0;;0;7 387 201,92;0
Тошкент шаҳар Янгиҳаёт тумани;32;Фойда солиғи;21.08.2025;Нач.часть пени 80%;21.08.2025;0;0;0;0;143 966 488,86;0;0;59 307,77;21.08.2025 - 21.08.2025;0;7 446 509,69;0
Тошкент шаҳар Янгиҳаёт тумани;32;Фойда солиғи;22.08.2025;Пост.сог.Мемор №154 Прочие ;22.08.2025;0;0;2 555 431,19;0;141 411 057,67;0;0;0;;0;7 446 509,69;0
Тошкент шаҳар Янгиҳаёт тумани;32;Фойда солиғи;22.08.2025;Пост.сог.Мемор №155 Прочие ;22.08.2025;0;0;1 133 431,58;0;140 277 626,09;0;0;0;;0;7 446 509,69;0
Тошкент шаҳар Янгиҳаёт тумани;32;Фойда солиғи;22.08.2025;Пост.сог.Мемор №155 Прочие ;22.08.2025;0;0;1 728 845,36;0;138 548 780,73;0;0;0;;0;7 446 509,69;0
Тошкент шаҳар Янгиҳаёт тумани;32;Фойда солиғи;22.08.2025;Нач.часть пени 80%;22.08.2025;0;0;0;0;138 548 780,73;0;0;53 747,49;22.08.2025 - 22.08.2025;0;7 500 257,18;0
Тошкент шаҳар Янгиҳаёт тумани;32;Фойда солиғи;04.07.2025;Аван. платеж за 8 м.;25.08.2025;0;0;0;0;138 548 780,73;0;0;0;;0;7 500 257,18;0
Тошкент шаҳар Янгиҳаёт тумани;32;Фойда солиғи;25.08.2025;Пост.сог.Мемор №155 Прочие ;25.08.2025;0;0;1 240 595,75;0;137 308 184,98;0;0;0;;0;7 500 257,18;0
Тошкент шаҳар Янгиҳаёт тумани;32;Фойда солиғи;25.08.2025;Пост.сог.Мемор №155 Прочие ;25.08.2025;0;0;5 627 323,49;0;131 680 861,49;0;0;0;;0;7 500 257,18;0
Тошкент шаҳар Янгиҳаёт тумани;32;Фойда солиғи;25.08.2025;Пост.сог.Мемор №155 Прочие ;25.08.2025;0;0;1 750 601,76;0;129 930 259,73;0;0;0;;0;7 500 257,18;0
Тошкент шаҳар Янгиҳаёт тумани;32;Фойда солиғи;25.08.2025;Нач.часть пени 80%;25.08.2025;0;0;0;0;129 930 259,73;0;0;155 174,63;23.08.2025 - 25.08.2025;0;7 655 431,81;0
Тошкент шаҳар Янгиҳаёт тумани;32;Фойда солиғи;27.08.2025;Пост.сог.Мемор №155 Прочие ;27.08.2025;0;0;4 581 642,03;0;125 348 617,70;0;0;0;;0;7 655 431,81;0
Тошкент шаҳар Янгиҳаёт тумани;32;Фойда солиғи;27.08.2025;Пост.сог.Мемор №155 Прочие ;27.08.2025;0;0;8 965 430,80;0;116 383 186,90;0;0;0;;0;7 655 431,81;0
Тошкент шаҳар Янгиҳаёт тумани;32;Фойда солиғи;27.08.2025;Нач.часть пени 80%;27.08.2025;0;0;0;0;116 383 186,90;0;0;97 014,59;26.08.2025 - 27.08.2025;0;7 752 446,40;0
Тошкент шаҳар Янгиҳаёт тумани;32;Фойда солиғи;28.08.2025;Пост.сог.Мемор №155 Прочие ;28.08.2025;0;0;15 146 347,40;0;101 236 839,50;0;0;0;;0;7 752 446,40;0
Тошкент шаҳар Янгиҳаёт тумани;32;Фойда солиғи;28.08.2025;Нач.часть пени 80%;28.08.2025;0;0;0;0;101 236 839,50;0;0;43 449,72;28.08.2025 - 28.08.2025;0;7 795 896,12;0
Тошкент шаҳар Янгиҳаёт тумани;32;Фойда солиғи;29.08.2025;Пост.сог.Мемор №155 Прочие ;29.08.2025;0;0;14 504 314,62;0;86 732 524,88;0;0;0;;0;7 795 896,12;0
Тошкент шаҳар Янгиҳаёт тумани;32;Фойда солиғи;29.08.2025;Пост.сог.Мемор №155 Прочие ;29.08.2025;0;0;3 285 021,83;0;83 447 503,05;0;0;0;;0;7 795 896,12;0
Тошкент шаҳар Янгиҳаёт тумани;32;Фойда солиғи;29.08.2025;Нач.часть пени 80%;29.08.2025;0;0;0;0;83 447 503,05;0;0;37 795,09;29.08.2025 - 29.08.2025;0;7 833 691,21;0
Тошкент шаҳар Янгиҳаёт тумани;32;Фойда солиғи;02.09.2025;Пост.сог.Мемор №155 Прочие ;02.09.2025;0;0;375 968,17;0;83 071 534,88;0;0;0;;0;7 833 691,21;0
Тошкент шаҳар Янгиҳаёт тумани;32;Фойда солиғи;02.09.2025;Нач.часть пени 80%;02.09.2025;0;0;0;0;83 071 534,88;0;0;124 614,94;30.08.2025 - 02.09.2025;0;7 958 306,15;0
Тошкент шаҳар Янгиҳаёт тумани;32;Фойда солиғи;04.09.2025;Пост.сог.Мемор №155 Прочие ;04.09.2025;0;0;11 859 445,73;0;71 212 089,15;0;0;0;;0;7 958 306,15;0
Тошкент шаҳар Янгиҳаёт тумани;32;Фойда солиғи;04.09.2025;Нач.часть пени 80%;04.09.2025;0;0;0;0;71 212 089,15;0;0;62 026,74;03.09.2025 - 04.09.2025;0;8 020 332,89;0
Тошкент шаҳар Янгиҳаёт тумани;32;Фойда солиғи;05.09.2025;Пост.сог.Мемор №155 Прочие ;05.09.2025;0;0;4 450 523,13;0;66 761 566,02;0;0;0;;0;8 020 332,89;0
Тошкент шаҳар Янгиҳаёт тумани;32;Фойда солиғи;05.09.2025;Нач.часть пени 80%;05.09.2025;0;0;0;0;66 761 566,02;0;0;26 585,85;05.09.2025 - 05.09.2025;0;8 046 918,74;0
Тошкент шаҳар Янгиҳаёт тумани;32;Фойда солиғи;08.09.2025;Пост.сог.Мемор №155 Прочие ;08.09.2025;0;0;14 038 651,19;0;52 722 914,83;0;0;0;;0;8 046 918,74;0
Тошкент шаҳар Янгиҳаёт тумани;32;Фойда солиғи;08.09.2025;Пост.сог.Мемор №155 Прочие ;08.09.2025;0;0;16 136 741,53;0;36 586 173,30;0;0;0;;0;8 046 918,74;0
Тошкент шаҳар Янгиҳаёт тумани;32;Фойда солиғи;08.09.2025;Пост.сог.Мемор №155 Прочие ;08.09.2025;0;0;4 517 257,48;0;32 068 915,82;0;0;0;;0;8 046 918,74;0
Тошкент шаҳар Янгиҳаёт тумани;32;Фойда солиғи;08.09.2025;Нач.часть пени 80%;08.09.2025;0;0;0;0;32 068 915,82;0;0;74 772,95;06.09.2025 - 08.09.2025;0;8 121 691,69;0
Тошкент шаҳар Янгиҳаёт тумани;32;Фойда солиғи;09.09.2025;Пост.сог.Мемор №155 Прочие ;09.09.2025;0;0;13 517 733,88;0;18 551 181,94;0;0;0;;0;8 121 691,69;0
Тошкент шаҳар Янгиҳаёт тумани;32;Фойда солиғи;09.09.2025;Пост.сог.Мемор №155 Прочие ;09.09.2025;0;0;30 140 124,27;0;0;11 588 942,33;0;0;;0;8 121 691,69;0
Тошкент шаҳар Янгиҳаёт тумани;32;Фойда солиғи;09.09.2025;Нач.часть пени 80%;09.09.2025;0;0;0;0;0;3 455 278,25;0;11 972,39;09.09.2025 - 09.09.2025;8 133 664,08;0;0
Тошкент шаҳар Янгиҳаёт тумани;32;Фойда солиғи;15.09.2025;Возв.сог.Заключ №5362171001 Возв.сог.ПРОТОК ;15.09.2025;0;0;0;165 262,73;0;3 290 015,52;0;0;;0;0;0
Тошкент шаҳар Янгиҳаёт тумани;32;Фойда солиғи;15.09.2025;Возв.сог.Заключ №5362171002 Возв.сог.ПРОТОК ;15.09.2025;0;0;0;51 419,20;0;3 238 596,32;0;0;;0;0;0
Тошкент шаҳар Янгиҳаёт тумани;32;Фойда солиғи;15.09.2025;Возв.сог.Заключ №5362171003 Возв.сог.ПРОТОК ;15.09.2025;0;0;0;71 545,90;0;3 167 050,42;0;0;;0;0;0
Тошкент шаҳар Янгиҳаёт тумани;32;Фойда солиғи;15.09.2025;Возв.сог.Заключ №5362177001 Возв.сог.ПРОТОК ;15.09.2025;0;0;0;4 438,01;0;3 162 612,41;0;0;;0;0;0
Тошкент шаҳар Янгиҳаёт тумани;32;Фойда солиғи;15.09.2025;Возв.сог.Заключ №5362212001 Возв.сог.ПРОТОК ;15.09.2025;0;0;0;288 552,57;0;2 874 059,84;0;0;;0;0;0
Тошкент шаҳар Янгиҳаёт тумани;32;Фойда солиғи;15.09.2025;Возв.сог.Заключ №5362221001 Возв.сог.ПРОТОК ;15.09.2025;0;0;0;448 000,00;0;2 426 059,84;0;0;;0;0;0
Тошкент шаҳар Янгиҳаёт тумани;32;Фойда солиғи;15.09.2025;Возв.сог.Заключ №5362228001 Возв.сог.ПРОТОК ;15.09.2025;0;0;0;68 237,56;0;2 357 822,28;0;0;;0;0;0
Тошкент шаҳар Янгиҳаёт тумани;32;Фойда солиғи;15.09.2025;Возв.сог.Заключ №5362286001 Возв.сог.ПРОТОК ;15.09.2025;0;0;0;268 278,69;0;2 089 543,59;0;0;;0;0;0
Тошкент шаҳар Янгиҳаёт тумани;32;Фойда солиғи;18.09.2025;Возв.сог.Заключ №5421366003 Возв.сог.ПРОТОК ;17.09.2025;0;0;0;767 719,02;0;1 321 824,57;0;0;;0;0;0
Тошкент шаҳар Янгиҳаёт тумани;32;Фойда солиғи;18.09.2025;Возв.сог.Заключ №5421366001 Возв.сог.ПРОТОК ;17.09.2025;0;0;0;1 241 380,43;0;80 444,14;0;0;;0;0;0
Тошкент шаҳар Янгиҳаёт тумани;32;Фойда солиғи;18.09.2025;Возв.сог.Заключ №5421366002 Возв.сог.ПРОТОК ;17.09.2025;0;0;0;80 444,14;0;0;0;0;;0;0;0
Тошкент шаҳар Янгиҳаёт тумани;32;Фойда солиғи;04.07.2025;Аван. платеж за 9 м.;23.09.2025;0;0;0;0;0;0;0;0;;0;0;0
Тошкент шаҳар Янгиҳаёт тумани;32;Фойда солиғи;20.10.2025;С расчета за 3 кв.;20.10.2025;282 814 868,25;0;0;0;282 814 868,25;0;0;0;;0;0;0
Тошкент шаҳар Янгиҳаёт тумани;32;Фойда солиғи;02.10.2025;Аван. платеж за 10 м.;23.10.2025;0;0;0;0;282 814 868,25;0;0;0;;0;0;0
Тошкент шаҳар Янгиҳаёт тумани;32;Фойда солиғи;23.10.2025;Пост.сог.Мемор №198 Прочие ;23.10.2025;0;0;270 000 000,00;0;12 814 868,25;0;0;0;;0;0;0
Тошкент шаҳар Янгиҳаёт тумани;32;Фойда солиғи;23.10.2025;Пост.сог.Мемор №199 Прочие ;23.10.2025;0;0;12 900 000,00;0;0;85 131,75;0;0;;0;0;0
Тошкент шаҳар Янгиҳаёт тумани;32;Фойда солиғи;23.10.2025;Нач.часть пени 80%;23.10.2025;0;0;0;0;0;0;0;316 752,66;21.10.2025 - 23.10.2025;85 131,75;231 620,91;0
Тошкент шаҳар Янгиҳаёт тумани;32;Фойда солиғи;31.10.2025;Пост.сог.Заключ №6014913001 Прочие ;24.10.2025;0;0;231 620,91;0;0;0;0;0;;231 620,91;0;0
Тошкент шаҳар Янгиҳаёт тумани;32;Фойда солиғи;06.11.2025;С перерасчета за 3 кв.2025 г.;06.11.2025;0;0;0;0;0;0;0;0;;0;0;0
Тошкент шаҳар Янгиҳаёт тумани;32;Фойда солиғи;10.11.2025;С перерасчета за 3 кв.2025 г.;10.11.2025;0;0;0;0;0;0;0;0;;0;0;0
Тошкент шаҳар Янгиҳаёт тумани;32;Фойда солиғи;02.10.2025;Аван. платеж за 11 м.;24.11.2025;0;0;0;0;0;0;0;0;;0;0;0
Тошкент шаҳар Янгиҳаёт тумани;32;Фойда солиғи;02.10.2025;Аван. платеж за 12 м.;23.12.2025;0;0;0;0;0;0;0;0;;0;0;0
Тошкент шаҳар Янгиҳаёт тумани;32;Фойда солиғи;31.12.2025;Сальдо на 31.12.2025 г.;31.12.2025;1 430 210 657,20;492 670 205,13;1 415 992 749,63;21 680 588,98;0;0;0;-46 081 953,05;01.01.2025 - 31.12.2025;90 049 836,91;0;0
Тошкент шаҳар Янгиҳаёт тумани;35;Дивидент тариқасида олинган даромадларга солинган солиқ;;Сальдо на;01.01.2025;0;0;0;0;0;0;0;0;;0;0;0
Тошкент шаҳар Янгиҳаёт тумани;35;Дивидент тариқасида олинган даромадларга солинган солиқ;21.04.2025;С расчета за 3 м.;21.04.2025;0;0;0;0;0;0;0;0;;0;0;0
Тошкент шаҳар Янгиҳаёт тумани;35;Дивидент тариқасида олинган даромадларга солинган солиқ;14.05.2025;С расчета за 4 м.;20.05.2025;0;0;0;0;0;0;0;0;;0;0;0
Тошкент шаҳар Янгиҳаёт тумани;35;Дивидент тариқасида олинган даромадларга солинган солиқ;20.06.2025;С расчета за 5 м.;20.06.2025;0;0;0;0;0;0;0;0;;0;0;0
Тошкент шаҳар Янгиҳаёт тумани;35;Дивидент тариқасида олинган даромадларга солинган солиқ;15.07.2025;С расчета за 6 м.;21.07.2025;0;0;0;0;0;0;0;0;;0;0;0
Тошкент шаҳар Янгиҳаёт тумани;35;Дивидент тариқасида олинган даромадларга солинган солиқ;20.08.2025;С расчета за 7 м.;20.08.2025;0;0;0;0;0;0;0;0;;0;0;0
Тошкент шаҳар Янгиҳаёт тумани;35;Дивидент тариқасида олинган даромадларга солинган солиқ;03.12.2025;С расчета за 11 м.;22.12.2025;0;0;0;0;0;0;0;0;;0;0;0
Тошкент шаҳар Янгиҳаёт тумани;35;Дивидент тариқасида олинган даромадларга солинган солиқ;31.12.2025;Сальдо на 31.12.2025 г.;31.12.2025;0;0;0;0;0;0;0;0;01.01.2025 - 31.12.2025;0;0;0
Тошкент шаҳар Янгиҳаёт тумани;36;Ижтимоий солиқ;;Сальдо на;01.01.2025;0;0;0;0;26 042 240,23;0;0;0;;0;335 996,37;0
Тошкент шаҳар Янгиҳаёт тумани;36;Ижтимоий солиқ;03.01.2025;Пост.сог.Мемор №137 Прочие ;03.01.2025;0;0;50 270,45;0;25 991 969,78;0;0;0;;0;335 996,37;0
Тошкент шаҳар Янгиҳаёт тумани;36;Ижтимоий солиқ;03.01.2025;Пост.сог.Мемор №133 Прочие ;03.01.2025;0;0;32 446,44;0;25 959 523,34;0;0;0;;0;335 996,37;0
Тошкент шаҳар Янгиҳаёт тумани;36;Ижтимоий солиқ;03.01.2025;Нач.часть пени 80%;03.01.2025;0;0;0;0;25 959 523,34;0;0;18 750,42;02.01.2025 - 03.01.2025;0;354 746,79;0
Тошкент шаҳар Янгиҳаёт тумани;36;Ижтимоий солиқ;13.01.2025;Пост.сог.Мемор №137 Прочие ;13.01.2025;0;0;20 351 217,35;0;5 608 305,99;0;0;0;;0;354 746,79;0
Тошкент шаҳар Янгиҳаёт тумани;36;Ижтимоий солиқ;13.01.2025;Пост.сог.Мемор №133 Прочие ;13.01.2025;0;0;5 974 634,88;0;0;366 328,89;0;0;;0;354 746,79;0
Тошкент шаҳар Янгиҳаёт тумани;36;Ижтимоий солиқ;13.01.2025;Нач.часть пени 80%;13.01.2025;0;0;0;0;0;0;0;93 454,29;04.01.2025 - 13.01.2025;366 328,89;81 872,19;0
Тошкент шаҳар Янгиҳаёт тумани;36;Ижтимоий солиқ;28.01.2025;Пост.сог.Мемор №20 Прочие ;28.01.2025;0;0;32 800 000,00;0;0;32 718 127,81;0;0;;81 872,19;0;0
Тошкент шаҳар Янгиҳаёт тумани;36;Ижтимоий солиқ;30.01.2025;С расчета за 12 м.;17.02.2025;32 774 509,09;0;0;0;56 381,28;0;0;0;;0;0;0
Тошкент шаҳар Янгиҳаёт тумани;36;Ижтимоий солиқ;17.02.2025;С расчета за 1 м.;17.02.2025;28 454 509,09;0;0;0;28 510 890,37;0;0;0;;0;0;0
Тошкент шаҳар Янгиҳаёт тумани;36;Ижтимоий солиқ;18.02.2025;Пост.сог.Мемор №35 Прочие ;18.02.2025;0;0;1 447 951,61;0;27 062 938,76;0;0;0;;0;0;0
Тошкент шаҳар Янгиҳаёт тумани;36;Ижтимоий солиқ;18.02.2025;Нач.часть пени 80%;18.02.2025;0;0;0;0;27 062 938,76;0;0;10 263,92;18.02.2025 - 18.02.2025;0;10 263,92;0
Тошкент шаҳар Янгиҳаёт тумани;36;Ижтимоий солиқ;21.02.2025;Пост.сог.Мемор №35 Прочие ;21.02.2025;0;0;1 649 588,93;0;25 413 349,83;0;0;0;;0;10 263,92;0
Тошкент шаҳар Янгиҳаёт тумани;36;Ижтимоий солиқ;21.02.2025;Нач.часть пени 80%;21.02.2025;0;0;0;0;25 413 349,83;0;0;29 227,98;19.02.2025 - 21.02.2025;0;39 491,90;0
Тошкент шаҳар Янгиҳаёт тумани;36;Ижтимоий солиқ;28.02.2025;Пост.сог.Мемор №35 Прочие ;28.02.2025;0;0;433 632,45;0;24 979 717,38;0;0;0;;0;39 491,90;0
Тошкент шаҳар Янгиҳаёт тумани;36;Ижтимоий солиқ;28.02.2025;Нач.часть пени 80%;28.02.2025;0;0;0;0;24 979 717,38;0;0;64 041,64;22.02.2025 - 28.02.2025;0;103 533,54;0
Тошкент шаҳар Янгиҳаёт тумани;36;Ижтимоий солиқ;07.03.2025;Пост.сог.Мемор №35 Прочие ;07.03.2025;0;0;24 968 827,01;0;10 890,37;0;0;0;;0;103 533,54;0
Тошкент шаҳар Янгиҳаёт тумани;36;Ижтимоий солиқ;07.03.2025;Нач.часть пени 80%;07.03.2025;0;0;0;0;10 890,37;0;0;62 948,89;01.03.2025 - 07.03.2025;0;166 482,43;0
Тошкент шаҳар Янгиҳаёт тумани;36;Ижтимоий солиқ;17.03.2025;С расчета за 2 м.;17.03.2025;27 390 959,48;0;0;0;27 401 849,85;0;0;0;;0;166 482,43;0
Тошкент шаҳар Янгиҳаёт тумани;36;Ижтимоий солиқ;17.03.2025;Нач.часть пени 80%;17.03.2025;0;0;0;0;27 401 849,85;0;0;39,21;08.03.2025 - 17.03.2025;0;166 521,64;0
Тошкент шаҳар Янгиҳаёт тумани;36;Ижтимоий солиқ;18.03.2025;Пост.сог.Мемор №50 Прочие ;18.03.2025;0;0;27 400 000,00;0;1 849,85;0;0;0;;0;166 521,64;0
Тошкент шаҳар Янгиҳаёт тумани;36;Ижтимоий солиқ;20.03.2025;Пост.сог.Заключ №3057790001 Прочие ;18.03.2025;0;0;4 721 693,20;0;0;4 719 843,35;0;0;;0;166 521,64;0
Тошкент шаҳар Янгиҳаёт тумани;36;Ижтимоий солиқ;18.03.2025;Нач.часть пени 80%;18.03.2025;0;0;0;0;0;4 543 457,05;0;9 864,66;18.03.2025 - 18.03.2025;176 386,30;0;0
Тошкент шаҳар Янгиҳаёт тумани;36;Ижтимоий солиқ;19.03.2025;Пост.сог.Заключ №3111507001 Прочие ;19.03.2025;0;0;178 236,81;0;0;4 721 693,86;0;0;;0;0;0
Тошкент шаҳар Янгиҳаёт тумани;36;Ижтимоий солиқ;15.04.2025;С расчета за 3 м.;15.04.2025;27 631 577,77;0;0;0;22 909 883,91;0;0;0;;0;0;0
Тошкент шаҳар Янгиҳаёт тумани;36;Ижтимоий солиқ;16.04.2025;Пост.сог.Мемор №73 Прочие ;16.04.2025;0;0;94 924,89;0;22 814 959,02;0;0;0;;0;0;0
Тошкент шаҳар Янгиҳаёт тумани;36;Ижтимоий солиқ;16.04.2025;Нач.часть пени 80%;16.04.2025;0;0;0;0;22 814 959,02;0;0;8 553,02;16.04.2025 - 16.04.2025;0;8 553,02;0
Тошкент шаҳар Янгиҳаёт тумани;36;Ижтимоий солиқ;17.04.2025;Пост.сог.Мемор №73 Прочие ;17.04.2025;0;0;18 290 125,78;0;4 524 833,24;0;0;0;;0;8 553,02;0
Тошкент шаҳар Янгиҳаёт тумани;36;Ижтимоий солиқ;17.04.2025;Пост.сог.Мемор №73 Прочие ;17.04.2025;0;0;9 054 625,29;0;0;4 529 792,05;0;0;;0;8 553,02;0
Тошкент шаҳар Янгиҳаёт тумани;36;Ижтимоий солиқ;17.04.2025;Нач.часть пени 80%;17.04.2025;0;0;0;0;0;4 512 721,45;0;8 517,58;17.04.2025 - 17.04.2025;17 070,60;0;0
Тошкент шаҳар Янгиҳаёт тумани;36;Ижтимоий солиқ;18.04.2025;Пост.сог.Мемор №73 Прочие ;18.04.2025;0;0;192 324,04;0;0;4 705 045,49;0;0;;0;0;0
Тошкент шаҳар Янгиҳаёт тумани;36;Ижтимоий солиқ;28.04.2025;Возв.сог.Заключ №3346127001 Возв.сог.ПРОТОК ;28.04.2025;0;0;0;4 705 045,49;0;0;0;0;;0;0;0
Тошкент шаҳар Янгиҳаёт тумани;36;Ижтимоий солиқ;12.05.2025;Пост.сог.Мемор №84 Прочие ;12.05.2025;0;0;28 250 000,00;0;0;28 250 000,00;0;0;;0;0;0
Тошкент шаҳар Янгиҳаёт тумани;36;Ижтимоий солиқ;14.05.2025;Пост.сог.Мемор №109 Прочие ;14.05.2025;0;0;25 000 000,00;0;0;53 250 000,00;0;0;;0;0;0
Тошкент шаҳар Янгиҳаёт тумани;36;Ижтимоий солиқ;14.05.2025;С расчета за 4 м.;15.05.2025;28 238 054,69;0;0;0;0;25 011 945,31;0;0;;0;0;25 011 945,31
Тошкент шаҳар Янгиҳаёт тумани;36;Ижтимоий солиқ;03.06.2025;Пост.сог.Мемор №118 Прочие ;03.06.2025;0;0;5 880 000,00;0;0;30 891 945,31;0;0;;0;0;25 011 945,31
Тошкент шаҳар Янгиҳаёт тумани;36;Ижтимоий солиқ;11.06.2025;С расчета за 5 м.;16.06.2025;30 879 109,09;0;0;0;0;12 836,22;0;0;;0;0;12 836,22
Тошкент шаҳар Янгиҳаёт тумани;36;Ижтимоий солиқ;24.06.2025;Возв.сог.Заключ №4414017001 Возв.сог.ПРОТОК ;24.06.2025;0;0;0;12 316,18;0;520,04;0;0;;0;0;520,04
Тошкент шаҳар Янгиҳаёт тумани;36;Ижтимоий солиқ;24.06.2025;Возв.сог.Заключ №4414019001 Возв.сог.ПРОТОК ;24.06.2025;0;0;0;520,04;0;0;0;0;;0;0;0
Тошкент шаҳар Янгиҳаёт тумани;36;Ижтимоий солиқ;15.07.2025;С расчета за 6 м.;15.07.2025;29 331 109,10;0;0;0;29 331 109,10;0;0;0;;0;0;0
Тошкент шаҳар Янгиҳаёт тумани;36;Ижтимоий солиқ;15.07.2025;Пост.сог.Мемор №143 Прочие ;15.07.2025;0;0;108 921,98;0;29 222 187,12;0;0;0;;0;0;0
Тошкент шаҳар Янгиҳаёт тумани;36;Ижтимоий солиқ;17.07.2025;Пост.сог.Мемор №143 Прочие ;17.07.2025;0;0;1 156 512,96;0;28 065 674,16;0;0;0;;0;0;0
Тошкент шаҳар Янгиҳаёт тумани;36;Ижтимоий солиқ;17.07.2025;Пост.сог.Мемор №143 Прочие ;17.07.2025;0;0;2 329 908,20;0;25 735 765,96;0;0;0;;0;0;0
Тошкент шаҳар Янгиҳаёт тумани;36;Ижтимоий солиқ;17.07.2025;Нач.часть пени 80%;17.07.2025;0;0;0;0;25 735 765,96;0;0;21 819,23;16.07.2025 - 17.07.2025;0;21 819,23;0
Тошкент шаҳар Янгиҳаёт тумани;36;Ижтимоий солиқ;18.07.2025;Пост.сог.Мемор №143 Прочие ;18.07.2025;0;0;385 334,31;0;25 350 431,65;0;0;0;;0;21 819,23;0
Тошкент шаҳар Янгиҳаёт тумани;36;Ижтимоий солиқ;18.07.2025;Нач.часть пени 80%;18.07.2025;0;0;0;0;25 350 431,65;0;0;9 608,02;18.07.2025 - 18.07.2025;0;31 427,25;0
Тошкент шаҳар Янгиҳаёт тумани;36;Ижтимоий солиқ;21.07.2025;Пост.сог.Мемор №143 Прочие ;21.07.2025;0;0;25 369 322,55;0;0;18 890,90;0;0;;0;31 427,25;0
Тошкент шаҳар Янгиҳаёт тумани;36;Ижтимоий солиқ;21.07.2025;Нач.часть пени 80%;21.07.2025;0;0;0;0;0;0;0;28 392,48;19.07.2025 - 21.07.2025;18 890,90;40 928,83;0
Тошкент шаҳар Янгиҳаёт тумани;36;Ижтимоий солиқ;15.08.2025;С расчета за 7 м.;15.08.2025;31 596 000,00;0;0;0;31 596 000,00;0;0;0;;0;40 928,83;0
Тошкент шаҳар Янгиҳаёт тумани;36;Ижтимоий солиқ;15.08.2025;Пост.сог.Мемор №156 Прочие ;15.08.2025;0;0;158 818,69;0;31 437 181,31;0;0;0;;0;40 928,83;0
Тошкент шаҳар Янгиҳаёт тумани;36;Ижтимоий солиқ;20.08.2025;Пост.сог.Мемор №156 Прочие ;20.08.2025;0;0;32 359,85;0;31 404 821,46;0;0;0;;0;40 928,83;0
Тошкент шаҳар Янгиҳаёт тумани;36;Ижтимоий солиқ;20.08.2025;Нач.часть пени 80%;20.08.2025;0;0;0;0;31 404 821,46;0;0;58 682,74;16.08.2025 - 20.08.2025;0;99 611,57;0
Тошкент шаҳар Янгиҳаёт тумани;36;Ижтимоий солиқ;21.08.2025;Пост.сог.Мемор №156 Прочие ;21.08.2025;0;0;760 982,13;0;30 643 839,33;0;0;0;;0;99 611,57;0
Тошкент шаҳар Янгиҳаёт тумани;36;Ижтимоий солиқ;21.08.2025;Пост.сог.Мемор №156 Прочие ;21.08.2025;0;0;565 309,21;0;30 078 530,12;0;0;0;;0;99 611,57;0
Тошкент шаҳар Янгиҳаёт тумани;36;Ижтимоий солиқ;21.08.2025;Нач.часть пени 80%;21.08.2025;0;0;0;0;30 078 530,12;0;0;11 724,46;21.08.2025 - 21.08.2025;0;111 336,03;0
Тошкент шаҳар Янгиҳаёт тумани;36;Ижтимоий солиқ;22.08.2025;Пост.сог.Мемор №156 Прочие ;22.08.2025;0;0;355 692,56;0;29 722 837,56;0;0;0;;0;111 336,03;0
Тошкент шаҳар Янгиҳаёт тумани;36;Ижтимоий солиқ;22.08.2025;Пост.сог.Мемор №156 Прочие ;22.08.2025;0;0;166 381,81;0;29 556 455,75;0;0;0;;0;111 336,03;0
Тошкент шаҳар Янгиҳаёт тумани;36;Ижтимоий солиқ;22.08.2025;Нач.часть пени 80%;22.08.2025;0;0;0;0;29 556 455,75;0;0;11 229,32;22.08.2025 - 22.08.2025;0;122 565,35;0
Тошкент шаҳар Янгиҳаёт тумани;36;Ижтимоий солиқ;25.08.2025;Пост.сог.Мемор №156 Прочие ;25.08.2025;0;0;119 393,31;0;29 437 062,44;0;0;0;;0;122 565,35;0
Тошкент шаҳар Янгиҳаёт тумани;36;Ижтимоий солиқ;25.08.2025;Пост.сог.Мемор №156 Прочие ;25.08.2025;0;0;541 566,22;0;28 895 496,22;0;0;0;;0;122 565,35;0
Тошкент шаҳар Янгиҳаёт тумани;36;Ижтимоий солиқ;25.08.2025;Пост.сог.Мемор №156 Прочие ;25.08.2025;0;0;168 391,88;0;28 727 104,34;0;0;0;;0;122 565,35;0
Тошкент шаҳар Янгиҳаёт тумани;36;Ижтимоий солиқ;25.08.2025;Нач.часть пени 80%;25.08.2025;0;0;0;0;28 727 104,34;0;0;33 103,23;23.08.2025 - 25.08.2025;0;155 668,58;0
Тошкент шаҳар Янгиҳаёт тумани;36;Ижтимоий солиқ;27.08.2025;Пост.сог.Мемор №156 Прочие ;27.08.2025;0;0;440 712,05;0;28 286 392,29;0;0;0;;0;155 668,58;0
Тошкент шаҳар Янгиҳаёт тумани;36;Ижтимоий солиқ;27.08.2025;Пост.сог.Мемор №156 Прочие ;27.08.2025;0;0;862 392,42;0;27 423 999,87;0;0;0;;0;155 668,58;0
Тошкент шаҳар Янгиҳаёт тумани;36;Ижтимоий солиқ;27.08.2025;Нач.часть пени 80%;27.08.2025;0;0;0;0;27 423 999,87;0;0;21 449,57;26.08.2025 - 27.08.2025;0;177 118,15;0
Тошкент шаҳар Янгиҳаёт тумани;36;Ижтимоий солиқ;28.08.2025;Пост.сог.Мемор №156 Прочие ;28.08.2025;0;0;1 456 940,05;0;25 967 059,82;0;0;0;;0;177 118,15;0
Тошкент шаҳар Янгиҳаёт тумани;36;Ижтимоий солиқ;28.08.2025;Нач.часть пени 80%;28.08.2025;0;0;0;0;25 967 059,82;0;0;10 238,30;28.08.2025 - 28.08.2025;0;187 356,45;0
Тошкент шаҳар Янгиҳаёт тумани;36;Ижтимоий солиқ;29.08.2025;Пост.сог.Мемор №156 Прочие ;29.08.2025;0;0;1 395 182,37;0;24 571 877,45;0;0;0;;0;187 356,45;0
Тошкент шаҳар Янгиҳаёт тумани;36;Ижтимоий солиқ;29.08.2025;Пост.сог.Мемор №156 Прочие ;29.08.2025;0;0;315 989,05;0;24 255 888,40;0;0;0;;0;187 356,45;0
Тошкент шаҳар Янгиҳаёт тумани;36;Ижтимоий солиқ;29.08.2025;Нач.часть пени 80%;29.08.2025;0;0;0;0;24 255 888,40;0;0;9 694,37;29.08.2025 - 29.08.2025;0;197 050,82;0
Тошкент шаҳар Янгиҳаёт тумани;36;Ижтимоий солиқ;02.09.2025;Пост.сог.Мемор №156 Прочие ;02.09.2025;0;0;36 164,70;0;24 219 723,70;0;0;0;;0;197 050,82;0
Тошкент шаҳар Янгиҳаёт тумани;36;Ижтимоий солиқ;02.09.2025;Нач.часть пени 80%;02.09.2025;0;0;0;0;24 219 723,70;0;0;36 222,13;30.08.2025 - 02.09.2025;0;233 272,95;0
Тошкент шаҳар Янгиҳаёт тумани;36;Ижтимоий солиқ;04.09.2025;Пост.сог.Мемор №156 Прочие ;04.09.2025;0;0;1 140 770,18;0;23 078 953,52;0;0;0;;0;233 272,95;0
Тошкент шаҳар Янгиҳаёт тумани;36;Ижтимоий солиқ;04.09.2025;Нач.часть пени 80%;04.09.2025;0;0;0;0;23 078 953,52;0;0;18 084,06;03.09.2025 - 04.09.2025;0;251 357,01;0
Тошкент шаҳар Янгиҳаёт тумани;36;Ижтимоий солиқ;05.09.2025;Пост.сог.Мемор №156 Прочие ;05.09.2025;0;0;428 099,61;0;22 650 853,91;0;0;0;;0;251 357,01;0
Тошкент шаҳар Янгиҳаёт тумани;36;Ижтимоий солиқ;05.09.2025;Нач.часть пени 80%;05.09.2025;0;0;0;0;22 650 853,91;0;0;8 616,14;05.09.2025 - 05.09.2025;0;259 973,15;0
Тошкент шаҳар Янгиҳаёт тумани;36;Ижтимоий солиқ;08.09.2025;Пост.сог.Мемор №156 Прочие ;08.09.2025;0;0;1 350 389,80;0;21 300 464,11;0;0;0;;0;259 973,15;0
Тошкент шаҳар Янгиҳаёт тумани;36;Ижтимоий солиқ;08.09.2025;Пост.сог.Мемор №156 Прочие ;08.09.2025;0;0;1 552 206,90;0;19 748 257,21;0;0;0;;0;259 973,15;0
Тошкент шаҳар Янгиҳаёт тумани;36;Ижтимоий солиқ;08.09.2025;Пост.сог.Мемор №156 Прочие ;08.09.2025;0;0;434 518,84;0;19 313 738,37;0;0;0;;0;259 973,15;0
Тошкент шаҳар Янгиҳаёт тумани;36;Ижтимоий солиқ;08.09.2025;Нач.часть пени 80%;08.09.2025;0;0;0;0;19 313 738,37;0;0;25 368,96;06.09.2025 - 08.09.2025;0;285 342,11;0
Тошкент шаҳар Янгиҳаёт тумани;36;Ижтимоий солиқ;09.09.2025;Пост.сог.Мемор №156 Прочие ;09.09.2025;0;0;1 300 282,32;0;18 013 456,05;0;0;0;;0;285 342,11;0
Тошкент шаҳар Янгиҳаёт тумани;36;Ижтимоий солиқ;09.09.2025;Пост.сог.Мемор №156 Прочие ;09.09.2025;0;0;18 017 456,05;0;0;4 000,00;0;0;;0;285 342,11;0
Тошкент шаҳар Янгиҳаёт тумани;36;Ижтимоий солиқ;09.09.2025;Нач.часть пени 80%;09.09.2025;0;0;0;0;0;0;0;7 210,46;09.09.2025 - 09.09.2025;4 000,00;288 552,57;0
Тошкент шаҳар Янгиҳаёт тумани;36;Ижтимоий солиқ;15.09.2025;С расчета за 8 м.;15.09.2025;31 258 800,00;0;0;0;31 258 800,00;0;0;0;;0;288 552,57;0
Тошкент шаҳар Янгиҳаёт тумани;36;Ижтимоий солиқ;15.09.2025;Пост.сог.Заключ №5362212001 Прочие ;15.09.2025;0;0;288 552,57;0;30 970 247,43;0;0;0;;0;288 552,57;0
Тошкент шаҳар Янгиҳаёт тумани;36;Ижтимоий солиқ;18.09.2025;Пост.сог.Мемор №170 Прочие ;18.09.2025;0;0;225 836,61;0;30 744 410,82;0;0;0;;0;288 552,57;0
Тошкент шаҳар Янгиҳаёт тумани;36;Ижтимоий солиқ;18.09.2025;Нач.часть пени 80%;18.09.2025;0;0;0;0;30 744 410,82;0;0;34 686,68;16.09.2025 - 18.09.2025;0;323 239,25;0
Тошкент шаҳар Янгиҳаёт тумани;36;Ижтимоий солиқ;22.09.2025;Пост.сог.Мемор №170 Прочие ;22.09.2025;0;0;921 127,38;0;29 823 283,44;0;0;0;;0;323 239,25;0
Тошкент шаҳар Янгиҳаёт тумани;36;Ижтимоий солиқ;22.09.2025;Пост.сог.Мемор №170 Прочие ;22.09.2025;0;0;1 601 300,80;0;28 221 982,64;0;0;0;;0;323 239,25;0
Тошкент шаҳар Янгиҳаёт тумани;36;Ижтимоий солиқ;22.09.2025;Нач.часть пени 80%;22.09.2025;0;0;0;0;28 221 982,64;0;0;45 911,66;19.09.2025 - 22.09.2025;0;369 150,91;0
Тошкент шаҳар Янгиҳаёт тумани;36;Ижтимоий солиқ;24.09.2025;Пост.сог.Мемор №170 Прочие ;24.09.2025;0;0;2 126 626,01;0;26 095 356,63;0;0;0;;0;369 150,91;0
Тошкент шаҳар Янгиҳаёт тумани;36;Ижтимоий солиқ;24.09.2025;Пост.сог.Мемор №170 Прочие ;24.09.2025;0;0;26 425 109,20;0;0;329 752,57;0;0;;0;369 150,91;0
Тошкент шаҳар Янгиҳаёт тумани;36;Ижтимоий солиқ;24.09.2025;Нач.часть пени 80%;24.09.2025;0;0;0;0;0;0;0;21 072,42;23.09.2025 - 24.09.2025;329 752,57;60 470,76;0
Тошкент шаҳар Янгиҳаёт тумани;36;Ижтимоий солиқ;09.10.2025;Пост.сог.Заключ №5783534001 Прочие ;08.10.2025;0;0;60 470,76;0;0;0;0;0;;60 470,76;0;0
Тошкент шаҳар Янгиҳаёт тумани;36;Ижтимоий солиқ;09.10.2025;Пост.сог.Заключ №5830631001 Прочие ;09.10.2025;0;0;60 470,76;0;0;60 470,76;0;0;;0;0;0
Тошкент шаҳар Янгиҳаёт тумани;36;Ижтимоий солиқ;15.10.2025;С расчета за 9 м.;15.10.2025;32 854 800,00;0;0;0;32 794 329,24;0;0;0;;0;0;0
Тошкент шаҳар Янгиҳаёт тумани;36;Ижтимоий солиқ;15.10.2025;Пост.сог.Мемор №194 Прочие ;15.10.2025;0;0;21 914,63;0;32 772 414,61;0;0;0;;0;0;0
Тошкент шаҳар Янгиҳаёт тумани;36;Ижтимоий солиқ;20.10.2025;Пост.сог.Мемор №194 Прочие ;20.10.2025;0;0;33 030,97;0;32 739 383,64;0;0;0;;0;0;0
Тошкент шаҳар Янгиҳаёт тумани;36;Ижтимоий солиқ;20.10.2025;Нач.часть пени 80%;20.10.2025;0;0;0;0;32 739 383,64;0;0;61 175,18;16.10.2025 - 20.10.2025;0;61 175,18;0
Тошкент шаҳар Янгиҳаёт тумани;36;Ижтимоий солиқ;21.10.2025;С перерасчета за 7 м. 2025 г.;21.10.2025;252 000,00;0;0;0;32 991 383,64;0;0;0;;0;61 175,18;0
Тошкент шаҳар Янгиҳаёт тумани;36;Ижтимоий солиқ;21.10.2025;С перерасчета за 8 м. 2025 г.;21.10.2025;0;0;0;0;32 991 383,64;0;0;0;;0;61 175,18;0
Тошкент шаҳар Янгиҳаёт тумани;36;Ижтимоий солиқ;21.10.2025;С перерасчета за 9 м. 2025 г.;21.10.2025;0;0;0;0;32 991 383,64;0;0;0;;0;61 175,18;0
Тошкент шаҳар Янгиҳаёт тумани;36;Ижтимоий солиқ;21.10.2025;Нач. пени по перерасчету 80%;21.10.2025;0;0;0;0;32 991 383,64;0;0;4 658,77;;0;65 833,95;0
Тошкент шаҳар Янгиҳаёт тумани;36;Ижтимоий солиқ;21.10.2025;Нач.часть пени 80%;21.10.2025;0;0;0;0;32 991 383,64;0;0;12 222,70;21.10.2025 - 21.10.2025;0;78 056,65;0
Тошкент шаҳар Янгиҳаёт тумани;36;Ижтимоий солиқ;23.10.2025;Пост.сог.Мемор №194 Прочие ;23.10.2025;0;0;32 845 054,40;0;146 329,24;0;0;0;;0;78 056,65;0
Тошкент шаҳар Янгиҳаёт тумани;36;Ижтимоий солиқ;23.10.2025;Нач.часть пени 80%;23.10.2025;0;0;0;0;146 329,24;0;0;24 633,57;22.10.2025 - 23.10.2025;0;102 690,22;0
Тошкент шаҳар Янгиҳаёт тумани;36;Ижтимоий солиқ;31.10.2025;Пост.сог.Заключ №6014914001 Прочие ;24.10.2025;0;0;249 074,09;0;0;102 744,85;0;0;;0;102 690,22;0
Тошкент шаҳар Янгиҳаёт тумани;36;Ижтимоий солиқ;24.10.2025;Нач.часть пени 80%;24.10.2025;0;0;0;0;0;0;0;54,63;24.10.2025 - 24.10.2025;102 744,85;0;0
Тошкент шаҳар Янгиҳаёт тумани;36;Ижтимоий солиқ;11.11.2025;Пост.сог.Мемор №206 Прочие ;11.11.2025;0;0;32 800 000,00;0;0;32 800 000,00;0;0;;0;0;0
Тошкент шаҳар Янгиҳаёт тумани;36;Ижтимоий солиқ;11.11.2025;С расчета за 10 м.;17.11.2025;32 783 454,54;0;0;0;0;16 545,46;0;0;;0;0;16 545,46
Тошкент шаҳар Янгиҳаёт тумани;36;Ижтимоий солиқ;15.12.2025;С расчета за 11 м.;15.12.2025;29 062 800,00;0;0;0;29 046 254,54;0;0;0;;0;0;0
Тошкент шаҳар Янгиҳаёт тумани;36;Ижтимоий солиқ;15.12.2025;Пост.сог.Мемор №230 Прочие ;15.12.2025;0;0;29 070 000,00;0;0;23 745,46;0;0;;0;0;0
Тошкент шаҳар Янгиҳаёт тумани;36;Ижтимоий солиқ;31.12.2025;Сальдо на 31.12.2025 г.;31.12.2025;362 507 682,85;0;394 449 067,31;4 717 881,71;0;23 745,46;0;821 520,69;01.01.2025 - 31.12.2025;1 157 517,06;0;0
Тошкент шаҳар Янгиҳаёт тумани;46;Жисмоний шахслар даромадидан олинадиган солиқ;;Сальдо на;01.01.2025;0;0;0;0;25 765 071,95;0;0;0;;0;333 981,58;0
Тошкент шаҳар Янгиҳаёт тумани;46;Жисмоний шахслар даромадидан олинадиган солиқ;03.01.2025;Пост.сог.Мемор №138 Прочие ;03.01.2025;0;0;49 825,56;0;25 715 246,39;0;0;0;;0;333 981,58;0
Тошкент шаҳар Янгиҳаёт тумани;46;Жисмоний шахслар даромадидан олинадиган солиқ;03.01.2025;Пост.сог.Мемор №134 Прочие ;03.01.2025;0;0;32 175,80;0;25 683 070,59;0;0;0;;0;333 981,58;0
Тошкент шаҳар Янгиҳаёт тумани;46;Жисмоний шахслар даромадидан олинадиган солиқ;03.01.2025;Нач.часть пени 80%;03.01.2025;0;0;0;0;25 683 070,59;0;0;18 550,85;02.01.2025 - 03.01.2025;0;352 532,43;0
Тошкент шаҳар Янгиҳаёт тумани;46;Жисмоний шахслар даромадидан олинадиган солиқ;13.01.2025;Пост.сог.Мемор №138 Прочие ;13.01.2025;0;0;20 171 118,18;0;5 511 952,41;0;0;0;;0;352 532,43;0
Тошкент шаҳар Янгиҳаёт тумани;46;Жисмоний шахслар даромадидан олинадиган солиқ;13.01.2025;Пост.сог.Мемор №134 Прочие ;13.01.2025;0;0;6 695 069,62;0;0;1 183 117,21;0;0;;0;352 532,43;0
Тошкент шаҳар Янгиҳаёт тумани;46;Жисмоний шахслар даромадидан олинадиган солиқ;13.01.2025;Нач.часть пени 80%;13.01.2025;0;0;0;0;0;738 125,72;0;92 459,06;04.01.2025 - 13.01.2025;444 991,49;0;0
Тошкент шаҳар Янгиҳаёт тумани;46;Жисмоний шахслар даромадидан олинадиган солиқ;28.01.2025;Пост.сог.Мемор №21 Прочие ;28.01.2025;0;0;32 502 000,00;0;0;33 240 125,72;0;0;;0;0;0
Тошкент шаҳар Янгиҳаёт тумани;46;Жисмоний шахслар даромадидан олинадиган солиқ;30.01.2025;С расчета за 12 м.;17.02.2025;32 501 388,19;0;0;0;0;738 737,53;0;0;;0;0;738 737,53
Тошкент шаҳар Янгиҳаёт тумани;46;Жисмоний шахслар даромадидан олинадиган солиқ;17.02.2025;С расчета за 1 м.;17.02.2025;28 217 388,18;0;0;0;27 478 650,65;0;0;0;;0;0;0
Тошкент шаҳар Янгиҳаёт тумани;46;Жисмоний шахслар даромадидан олинадиган солиқ;18.02.2025;Пост.сог.Мемор №36 Прочие ;18.02.2025;0;0;1 433 726,12;0;26 044 924,53;0;0;0;;0;0;0
Тошкент шаҳар Янгиҳаёт тумани;46;Жисмоний шахслар даромадидан олинадиган солиқ;18.02.2025;Нач.часть пени 80%;18.02.2025;0;0;0;0;26 044 924,53;0;0;9 892,31;18.02.2025 - 18.02.2025;0;9 892,31;0
Тошкент шаҳар Янгиҳаёт тумани;46;Жисмоний шахслар даромадидан олинадиган солиқ;21.02.2025;Пост.сог.Мемор №36 Прочие ;21.02.2025;0;0;1 633 382,44;0;24 411 542,09;0;0;0;;0;9 892,31;0
Тошкент шаҳар Янгиҳаёт тумани;46;Жисмоний шахслар даромадидан олинадиган солиқ;21.02.2025;Нач.часть пени 80%;21.02.2025;0;0;0;0;24 411 542,09;0;0;28 128,52;19.02.2025 - 21.02.2025;0;38 020,83;0
Тошкент шаҳар Янгиҳаёт тумани;46;Жисмоний шахслар даромадидан олинадиган солиқ;28.02.2025;Пост.сог.Мемор №36 Прочие ;28.02.2025;0;0;429 372,20;0;23 982 169,89;0;0;0;;0;38 020,83;0
Тошкент шаҳар Янгиҳаёт тумани;46;Жисмоний шахслар даромадидан олинадиган солиқ;28.02.2025;Нач.часть пени 80%;28.02.2025;0;0;0;0;23 982 169,89;0;0;61 517,09;22.02.2025 - 28.02.2025;0;99 537,92;0
Тошкент шаҳар Янгиҳаёт тумани;46;Жисмоний шахслар даромадидан олинадиган солиқ;07.03.2025;Пост.сог.Мемор №36 Прочие ;07.03.2025;0;0;24 723 519,24;0;0;741 349,35;0;0;;0;99 537,92;0
Тошкент шаҳар Янгиҳаёт тумани;46;Жисмоний шахслар даромадидан олинадиган солиқ;07.03.2025;Нач.часть пени 80%;07.03.2025;0;0;0;0;0;581 376,36;0;60 435,07;01.03.2025 - 07.03.2025;159 972,99;0;0
Тошкент шаҳар Янгиҳаёт тумани;46;Жисмоний шахслар даромадидан олинадиган солиқ;17.03.2025;С расчета за 2 м.;17.03.2025;27 162 701,49;0;0;0;26 581 325,13;0;0;0;;0;0;0
Тошкент шаҳар Янгиҳаёт тумани;46;Жисмоний шахслар даромадидан олинадиган солиқ;18.03.2025;Пост.сог.Мемор №51 Прочие ;18.03.2025;0;0;27 200 000,00;0;0;618 674,87;0;0;;0;0;0
Тошкент шаҳар Янгиҳаёт тумани;46;Жисмоний шахслар даромадидан олинадиган солиқ;20.03.2025;Пост.сог.Заключ №3057791001 Прочие ;18.03.2025;0;0;7 500 000,00;0;0;8 118 674,87;0;0;;0;0;0
Тошкент шаҳар Янгиҳаёт тумани;46;Жисмоний шахслар даромадидан олинадиган солиқ;18.03.2025;Нач.часть пени 80%;18.03.2025;0;0;0;0;0;8 109 105,59;0;9 569,28;18.03.2025 - 18.03.2025;9 569,28;0;0
Тошкент шаҳар Янгиҳаёт тумани;46;Жисмоний шахслар даромадидан олинадиган солиқ;19.03.2025;Возв.сог.Заключ №3111507001 Возв.сог.ПРОТОК ;19.03.2025;0;0;0;178 236,81;0;7 930 868,78;0;0;;0;0;0
Тошкент шаҳар Янгиҳаёт тумани;46;Жисмоний шахслар даромадидан олинадиган солиқ;19.03.2025;Возв.сог.Заключ №3111508001 Возв.сог.ПРОТОК ;19.03.2025;0;0;0;2 160,00;0;7 928 708,78;0;0;;0;0;0
Тошкент шаҳар Янгиҳаёт тумани;46;Жисмоний шахслар даромадидан олинадиган солиқ;15.04.2025;С расчета за 3 м.;15.04.2025;27 401 314,61;0;0;0;19 472 605,83;0;0;0;;0;0;0
Тошкент шаҳар Янгиҳаёт тумани;46;Жисмоний шахслар даромадидан олинадиган солиқ;16.04.2025;Пост.сог.Мемор №74 Прочие ;16.04.2025;0;0;94 134,76;0;19 378 471,07;0;0;0;;0;0;0
Тошкент шаҳар Янгиҳаёт тумани;46;Жисмоний шахслар даромадидан олинадиган солиқ;16.04.2025;Нач.часть пени 80%;16.04.2025;0;0;0;0;19 378 471,07;0;0;7 269,78;16.04.2025 - 16.04.2025;0;7 269,78;0
Тошкент шаҳар Янгиҳаёт тумани;46;Жисмоний шахслар даромадидан олинадиган солиқ;17.04.2025;Пост.сог.Мемор №74 Прочие ;17.04.2025;0;0;18 137 884,58;0;1 240 586,49;0;0;0;;0;7 269,78;0
Тошкент шаҳар Янгиҳаёт тумани;46;Жисмоний шахслар даромадидан олинадиган солиқ;17.04.2025;Пост.сог.Мемор №74 Прочие ;17.04.2025;0;0;8 979 257,46;0;0;7 738 670,97;0;0;;0;7 269,78;0
Тошкент шаҳар Янгиҳаёт тумани;46;Жисмоний шахслар даромадидан олинадиган солиқ;17.04.2025;Нач.часть пени 80%;17.04.2025;0;0;0;0;0;7 724 166,56;0;7 234,63;17.04.2025 - 17.04.2025;14 504,41;0;0
Тошкент шаҳар Янгиҳаёт тумани;46;Жисмоний шахслар даромадидан олинадиган солиқ;18.04.2025;Пост.сог.Мемор №74 Прочие ;18.04.2025;0;0;190 723,20;0;0;7 914 889,76;0;0;;0;0;0
Тошкент шаҳар Янгиҳаёт тумани;46;Жисмоний шахслар даромадидан олинадиган солиқ;05.05.2025;Возв.сог.Заключ №3519271001 Возв.сог.ПРОТОК ;05.05.2025;0;0;0;7 500 000,00;0;414 889,76;0;0;;0;0;0
Тошкент шаҳар Янгиҳаёт тумани;46;Жисмоний шахслар даромадидан олинадиган солиқ;12.05.2025;Пост.сог.Мемор №85 Прочие ;12.05.2025;0;0;28 000 000,00;0;0;28 414 889,76;0;0;;0;0;0
Тошкент шаҳар Янгиҳаёт тумани;46;Жисмоний шахслар даромадидан олинадиган солиқ;14.05.2025;Пост.сог.Мемор №110 Прочие ;14.05.2025;0;0;25 000 000,00;0;0;53 414 889,76;0;0;;0;0;0
Тошкент шаҳар Янгиҳаёт тумани;46;Жисмоний шахслар даромадидан олинадиган солиқ;14.05.2025;С расчета за 4 м.;15.05.2025;28 002 737,57;0;0;0;0;25 412 152,19;0;0;;0;0;25 412 152,19
Тошкент шаҳар Янгиҳаёт тумани;46;Жисмоний шахслар даромадидан олинадиган солиқ;20.05.2025;Возв.сог.Заключ №4071975001 Возв.сог.ПРОТОК ;20.05.2025;0;0;0;12 957 917,85;0;12 454 234,34;0;0;;0;0;12 454 234,34
Тошкент шаҳар Янгиҳаёт тумани;46;Жисмоний шахслар даромадидан олинадиган солиқ;10.06.2025;Пост.сог.Мемор №121 Прочие ;10.06.2025;0;0;12 475 229,09;0;0;24 929 463,43;0;0;;0;0;12 454 234,34
Тошкент шаҳар Янгиҳаёт тумани;46;Жисмоний шахслар даромадидан олинадиган солиқ;11.06.2025;Пост.сог.Мемор №121 Прочие ;11.06.2025;0;0;2 940 000,00;0;0;27 869 463,43;0;0;;0;0;12 454 234,34
Тошкент шаҳар Янгиҳаёт тумани;46;Жисмоний шахслар даромадидан олинадиган солиқ;13.06.2025;Пост.сог.Мемор №121 Прочие ;13.06.2025;0;0;2 764 770,91;0;0;30 634 234,34;0;0;;0;0;12 454 234,34
Тошкент шаҳар Янгиҳаёт тумани;46;Жисмоний шахслар даромадидан олинадиган солиқ;11.06.2025;С расчета за 5 м.;16.06.2025;30 621 783,18;0;0;0;0;12 451,16;0;0;;0;0;12 451,16
Тошкент шаҳар Янгиҳаёт тумани;46;Жисмоний шахслар даромадидан олинадиган солиқ;24.06.2025;Возв.сог.Заключ №4414018001 Возв.сог.ПРОТОК ;24.06.2025;0;0;0;12 451,16;0;0;0;0;;0;0;0
Тошкент шаҳар Янгиҳаёт тумани;46;Жисмоний шахслар даромадидан олинадиган солиқ;15.07.2025;С расчета за 6 м.;15.07.2025;29 086 683,20;0;0;0;29 086 683,20;0;0;0;;0;0;0
Тошкент шаҳар Янгиҳаёт тумани;46;Жисмоний шахслар даромадидан олинадиган солиқ;15.07.2025;Пост.сог.Мемор №143 Прочие ;15.07.2025;0;0;107 994,20;0;28 978 689,00;0;0;0;;0;0;0
Тошкент шаҳар Янгиҳаёт тумани;46;Жисмоний шахслар даромадидан олинадиган солиқ;17.07.2025;Пост.сог.Мемор №143 Прочие ;17.07.2025;0;0;1 146 661,91;0;27 832 027,09;0;0;0;;0;0;0
Тошкент шаҳар Янгиҳаёт тумани;46;Жисмоний шахслар даромадидан олинадиган солиқ;17.07.2025;Пост.сог.Мемор №143 Прочие ;17.07.2025;0;0;2 310 062,30;0;25 521 964,79;0;0;0;;0;0;0
Тошкент шаҳар Янгиҳаёт тумани;46;Жисмоний шахслар даромадидан олинадиган солиқ;17.07.2025;Нач.часть пени 80%;17.07.2025;0;0;0;0;25 521 964,79;0;0;21 637,42;16.07.2025 - 17.07.2025;0;21 637,42;0
Тошкент шаҳар Янгиҳаёт тумани;46;Жисмоний шахслар даромадидан олинадиган солиқ;18.07.2025;Пост.сог.Мемор №143 Прочие ;18.07.2025;0;0;382 052,08;0;25 139 912,71;0;0;0;;0;21 637,42;0
Тошкент шаҳар Янгиҳаёт тумани;46;Жисмоний шахслар даромадидан олинадиган солиқ;18.07.2025;Нач.часть пени 80%;18.07.2025;0;0;0;0;25 139 912,71;0;0;9 528,20;18.07.2025 - 18.07.2025;0;31 165,62;0
Тошкент шаҳар Янгиҳаёт тумани;46;Жисмоний шахслар даромадидан олинадиган солиқ;21.07.2025;Пост.сог.Мемор №143 Прочие ;21.07.2025;0;0;25 153 229,51;0;0;13 316,80;0;0;;0;31 165,62;0
Тошкент шаҳар Янгиҳаёт тумани;46;Жисмоний шахслар даромадидан олинадиган солиқ;21.07.2025;Нач.часть пени 80%;21.07.2025;0;0;0;0;0;0;0;28 156,70;19.07.2025 - 21.07.2025;13 316,80;46 005,52;0
Тошкент шаҳар Янгиҳаёт тумани;46;Жисмоний шахслар даромадидан олинадиган солиқ;15.08.2025;С расчета за 7 м.;15.08.2025;31 332 700,00;0;0;0;31 332 700,00;0;0;0;;0;46 005,52;0
Тошкент шаҳар Янгиҳаёт тумани;46;Жисмоний шахслар даромадидан олинадиган солиқ;15.08.2025;Пост.сог.Мемор №157 Прочие ;15.08.2025;0;0;157 511,95;0;31 175 188,05;0;0;0;;0;46 005,52;0
Тошкент шаҳар Янгиҳаёт тумани;46;Жисмоний шахслар даромадидан олинадиган солиқ;20.08.2025;Пост.сог.Мемор №157 Прочие ;20.08.2025;0;0;32 093,58;0;31 143 094,47;0;0;0;;0;46 005,52;0
Тошкент шаҳар Янгиҳаёт тумани;46;Жисмоний шахслар даромадидан олинадиган солиқ;20.08.2025;Нач.часть пени 80%;20.08.2025;0;0;0;0;31 143 094,47;0;0;58 193,69;16.08.2025 - 20.08.2025;0;104 199,21;0
Тошкент шаҳар Янгиҳаёт тумани;46;Жисмоний шахслар даромадидан олинадиган солиқ;21.08.2025;Пост.сог.Мемор №157 Прочие ;21.08.2025;0;0;754 720,87;0;30 388 373,60;0;0;0;;0;104 199,21;0
Тошкент шаҳар Янгиҳаёт тумани;46;Жисмоний шахслар даромадидан олинадиган солиқ;21.08.2025;Пост.сог.Мемор №157 Прочие ;21.08.2025;0;0;560 657,92;0;29 827 715,68;0;0;0;;0;104 199,21;0
Тошкент шаҳар Янгиҳаёт тумани;46;Жисмоний шахслар даромадидан олинадиган солиқ;21.08.2025;Нач.часть пени 80%;21.08.2025;0;0;0;0;29 827 715,68;0;0;11 626,75;21.08.2025 - 21.08.2025;0;115 825,96;0
Тошкент шаҳар Янгиҳаёт тумани;46;Жисмоний шахслар даромадидан олинадиган солиқ;22.08.2025;Пост.сог.Мемор №157 Прочие ;22.08.2025;0;0;352 765,96;0;29 474 949,72;0;0;0;;0;115 825,96;0
Тошкент шаҳар Янгиҳаёт тумани;46;Жисмоний шахслар даромадидан олинадиган солиқ;22.08.2025;Пост.сог.Мемор №157 Прочие ;22.08.2025;0;0;165 012,83;0;29 309 936,89;0;0;0;;0;115 825,96;0
Тошкент шаҳар Янгиҳаёт тумани;46;Жисмоний шахслар даромадидан олинадиган солиқ;22.08.2025;Нач.часть пени 80%;22.08.2025;0;0;0;0;29 309 936,89;0;0;11 135,68;22.08.2025 - 22.08.2025;0;126 961,64;0
Тошкент шаҳар Янгиҳаёт тумани;46;Жисмоний шахслар даромадидан олинадиган солиқ;25.08.2025;Пост.сог.Мемор №157 Прочие ;25.08.2025;0;0;118 410,94;0;29 191 525,95;0;0;0;;0;126 961,64;0
Тошкент шаҳар Янгиҳаёт тумани;46;Жисмоний шахслар даромадидан олинадиган солиқ;25.08.2025;Пост.сог.Мемор №157 Прочие ;25.08.2025;0;0;537 110,29;0;28 654 415,66;0;0;0;;0;126 961,64;0
Тошкент шаҳар Янгиҳаёт тумани;46;Жисмоний шахслар даромадидан олинадиган солиқ;25.08.2025;Пост.сог.Мемор №157 Прочие ;25.08.2025;0;0;167 006,36;0;28 487 409,30;0;0;0;;0;126 961,64;0
Тошкент шаҳар Янгиҳаёт тумани;46;Жисмоний шахслар даромадидан олинадиган солиқ;25.08.2025;Нач.часть пени 80%;25.08.2025;0;0;0;0;28 487 409,30;0;0;32 827,13;23.08.2025 - 25.08.2025;0;159 788,77;0
Тошкент шаҳар Янгиҳаёт тумани;46;Жисмоний шахслар даромадидан олинадиган солиқ;27.08.2025;Пост.сог.Мемор №157 Прочие ;27.08.2025;0;0;437 085,92;0;28 050 323,38;0;0;0;;0;159 788,77;0
Тошкент шаҳар Янгиҳаёт тумани;46;Жисмоний шахслар даромадидан олинадиган солиқ;27.08.2025;Пост.сог.Мемор №157 Прочие ;27.08.2025;0;0;855 296,78;0;27 195 026,60;0;0;0;;0;159 788,77;0
Тошкент шаҳар Янгиҳаёт тумани;46;Жисмоний шахслар даромадидан олинадиган солиқ;27.08.2025;Нач.часть пени 80%;27.08.2025;0;0;0;0;27 195 026,60;0;0;21 270,60;26.08.2025 - 27.08.2025;0;181 059,37;0
Тошкент шаҳар Янгиҳаёт тумани;46;Жисмоний шахслар даромадидан олинадиган солиқ;28.08.2025;Пост.сог.Мемор №157 Прочие ;28.08.2025;0;0;1 444 952,55;0;25 750 074,05;0;0;0;;0;181 059,37;0
Тошкент шаҳар Янгиҳаёт тумани;46;Жисмоний шахслар даромадидан олинадиган солиқ;28.08.2025;Нач.часть пени 80%;28.08.2025;0;0;0;0;25 750 074,05;0;0;10 152,81;28.08.2025 - 28.08.2025;0;191 212,18;0
Тошкент шаҳар Янгиҳаёт тумани;46;Жисмоний шахслар даромадидан олинадиган солиқ;29.08.2025;Пост.сог.Мемор №157 Прочие ;29.08.2025;0;0;1 383 703,01;0;24 366 371,04;0;0;0;;0;191 212,18;0
Тошкент шаҳар Янгиҳаёт тумани;46;Жисмоний шахслар даромадидан олинадиган солиқ;29.08.2025;Пост.сог.Мемор №157 Прочие ;29.08.2025;0;0;313 389,12;0;24 052 981,92;0;0;0;;0;191 212,18;0
Тошкент шаҳар Янгиҳаёт тумани;46;Жисмоний шахслар даромадидан олинадиган солиқ;29.08.2025;Нач.часть пени 80%;29.08.2025;0;0;0;0;24 052 981,92;0;0;9 613,36;29.08.2025 - 29.08.2025;0;200 825,54;0
Тошкент шаҳар Янгиҳаёт тумани;46;Жисмоний шахслар даромадидан олинадиган солиқ;02.09.2025;Пост.сог.Мемор №157 Прочие ;02.09.2025;0;0;35 867,13;0;24 017 114,79;0;0;0;;0;200 825,54;0
Тошкент шаҳар Янгиҳаёт тумани;46;Жисмоний шахслар даромадидан олинадиган солиқ;02.09.2025;Нач.часть пени 80%;02.09.2025;0;0;0;0;24 017 114,79;0;0;35 919,12;30.08.2025 - 02.09.2025;0;236 744,66;0
Тошкент шаҳар Янгиҳаёт тумани;46;Жисмоний шахслар даромадидан олинадиган солиқ;04.09.2025;Пост.сог.Мемор №157 Прочие ;04.09.2025;0;0;1 131 384,09;0;22 885 730,70;0;0;0;;0;236 744,66;0
Тошкент шаҳар Янгиҳаёт тумани;46;Жисмоний шахслар даромадидан олинадиган солиқ;04.09.2025;Нач.часть пени 80%;04.09.2025;0;0;0;0;22 885 730,70;0;0;17 932,78;03.09.2025 - 04.09.2025;0;254 677,44;0
Тошкент шаҳар Янгиҳаёт тумани;46;Жисмоний шахслар даромадидан олинадиган солиқ;05.09.2025;Пост.сог.Мемор №157 Прочие ;05.09.2025;0;0;424 577,26;0;22 461 153,44;0;0;0;;0;254 677,44;0
Тошкент шаҳар Янгиҳаёт тумани;46;Жисмоний шахслар даромадидан олинадиган солиқ;05.09.2025;Нач.часть пени 80%;05.09.2025;0;0;0;0;22 461 153,44;0;0;8 544,01;05.09.2025 - 05.09.2025;0;263 221,45;0
Тошкент шаҳар Янгиҳаёт тумани;46;Жисмоний шахслар даромадидан олинадиган солиқ;08.09.2025;Пост.сог.Мемор №157 Прочие ;08.09.2025;0;0;1 339 279,01;0;21 121 874,43;0;0;0;;0;263 221,45;0
Тошкент шаҳар Янгиҳаёт тумани;46;Жисмоний шахслар даромадидан олинадиган солиқ;08.09.2025;Пост.сог.Мемор №157 Прочие ;08.09.2025;0;0;1 539 435,57;0;19 582 438,86;0;0;0;;0;263 221,45;0
Тошкент шаҳар Янгиҳаёт тумани;46;Жисмоний шахслар даромадидан олинадиган солиқ;08.09.2025;Пост.сог.Мемор №157 Прочие ;08.09.2025;0;0;430 943,68;0;19 151 495,18;0;0;0;;0;263 221,45;0
Тошкент шаҳар Янгиҳаёт тумани;46;Жисмоний шахслар даромадидан олинадиган солиқ;08.09.2025;Нач.часть пени 80%;08.09.2025;0;0;0;0;19 151 495,18;0;0;25 156,49;06.09.2025 - 08.09.2025;0;288 377,94;0
Тошкент шаҳар Янгиҳаёт тумани;46;Жисмоний шахслар даромадидан олинадиган солиқ;09.09.2025;Пост.сог.Мемор №157 Прочие ;09.09.2025;0;0;1 289 583,80;0;17 861 911,38;0;0;0;;0;288 377,94;0
Тошкент шаҳар Янгиҳаёт тумани;46;Жисмоний шахслар даромадидан олинадиган солиқ;09.09.2025;Пост.сог.Мемор №157 Прочие ;09.09.2025;0;0;17 869 211,38;0;0;7 300,00;0;0;;0;288 377,94;0
Тошкент шаҳар Янгиҳаёт тумани;46;Жисмоний шахслар даромадидан олинадиган солиқ;09.09.2025;Нач.часть пени 80%;09.09.2025;0;0;0;0;0;0;0;7 149,89;09.09.2025 - 09.09.2025;7 300,00;288 227,83;0
Тошкент шаҳар Янгиҳаёт тумани;46;Жисмоний шахслар даромадидан олинадиган солиқ;15.09.2025;С расчета за 8 м.;15.09.2025;30 998 310,00;0;0;0;30 998 310,00;0;0;0;;0;288 227,83;0
Тошкент шаҳар Янгиҳаёт тумани;46;Жисмоний шахслар даромадидан олинадиган солиқ;15.09.2025;Пост.сог.Заключ №5362171001 Прочие ;15.09.2025;0;0;165 262,73;0;30 833 047,27;0;0;0;;0;288 227,83;0
Тошкент шаҳар Янгиҳаёт тумани;46;Жисмоний шахслар даромадидан олинадиган солиқ;15.09.2025;Пост.сог.Заключ №5362171002 Прочие ;15.09.2025;0;0;51 419,20;0;30 781 628,07;0;0;0;;0;288 227,83;0
Тошкент шаҳар Янгиҳаёт тумани;46;Жисмоний шахслар даромадидан олинадиган солиқ;15.09.2025;Пост.сог.Заключ №5362171003 Прочие ;15.09.2025;0;0;71 545,90;0;30 710 082,17;0;0;0;;0;288 227,83;0
Тошкент шаҳар Янгиҳаёт тумани;46;Жисмоний шахслар даромадидан олинадиган солиқ;18.09.2025;Пост.сог.Мемор №171 Прочие ;18.09.2025;0;0;223 672,04;0;30 486 410,13;0;0;0;;0;288 227,83;0
Тошкент шаҳар Янгиҳаёт тумани;46;Жисмоний шахслар даромадидан олинадиган солиқ;18.09.2025;Нач.часть пени 80%;18.09.2025;0;0;0;0;30 486 410,13;0;0;34 395,30;16.09.2025 - 18.09.2025;0;322 623,13;0
Тошкент шаҳар Янгиҳаёт тумани;46;Жисмоний шахслар даромадидан олинадиган солиқ;19.09.2025;Пост.сог.Заключ №5443087001 Прочие ;19.09.2025;0;0;1 762,74;0;30 484 647,39;0;0;0;;0;322 623,13;0
Тошкент шаҳар Янгиҳаёт тумани;46;Жисмоний шахслар даромадидан олинадиган солиқ;19.09.2025;Пост.сог.Заключ №5443087002 Прочие ;19.09.2025;0;0;218 237,26;0;30 266 410,13;0;0;0;;0;322 623,13;0
Тошкент шаҳар Янгиҳаёт тумани;46;Жисмоний шахслар даромадидан олинадиган солиқ;19.09.2025;Нач.часть пени 80%;19.09.2025;0;0;0;0;30 266 410,13;0;0;11 381,59;19.09.2025 - 19.09.2025;0;334 004,72;0
Тошкент шаҳар Янгиҳаёт тумани;46;Жисмоний шахслар даромадидан олинадиган солиқ;22.09.2025;Пост.сог.Мемор №171 Прочие ;22.09.2025;0;0;912 298,69;0;29 354 111,44;0;0;0;;0;334 004,72;0
Тошкент шаҳар Янгиҳаёт тумани;46;Жисмоний шахслар даромадидан олинадиган солиқ;22.09.2025;Пост.сог.Мемор №171 Прочие ;22.09.2025;0;0;1 585 952,87;0;27 768 158,57;0;0;0;;0;334 004,72;0
Тошкент шаҳар Янгиҳаёт тумани;46;Жисмоний шахслар даромадидан олинадиган солиқ;22.09.2025;Нач.часть пени 80%;22.09.2025;0;0;0;0;27 768 158,57;0;0;33 898,38;20.09.2025 - 22.09.2025;0;367 903,10;0
Тошкент шаҳар Янгиҳаёт тумани;46;Жисмоний шахслар даромадидан олинадиган солиқ;24.09.2025;Пост.сог.Мемор №171 Прочие ;24.09.2025;0;0;2 106 243,01;0;25 661 915,56;0;0;0;;0;367 903,10;0
Тошкент шаҳар Янгиҳаёт тумани;46;Жисмоний шахслар даромадидан олинадиган солиқ;24.09.2025;Пост.сог.Мемор №171 Прочие ;24.09.2025;0;0;26 171 833,39;0;0;509 917,83;0;0;;0;367 903,10;0
Тошкент шаҳар Янгиҳаёт тумани;46;Жисмоний шахслар даромадидан олинадиган солиқ;24.09.2025;Нач.часть пени 80%;24.09.2025;0;0;0;0;0;121 281,17;0;20 733,56;23.09.2025 - 24.09.2025;388 636,66;0;0
Тошкент шаҳар Янгиҳаёт тумани;46;Жисмоний шахслар даромадидан олинадиган солиқ;09.10.2025;Возв.сог.Заключ №5783533001 Возв.сог.ПРОТОК ;08.10.2025;0;0;0;14 338,26;0;106 942,91;0;0;;0;0;0
Тошкент шаҳар Янгиҳаёт тумани;46;Жисмоний шахслар даромадидан олинадиган солиқ;09.10.2025;Возв.сог.Заключ №5783534001 Возв.сог.ПРОТОК ;08.10.2025;0;0;0;60 470,76;0;46 472,15;0;0;;0;0;0
Тошкент шаҳар Янгиҳаёт тумани;46;Жисмоний шахслар даромадидан олинадиган солиқ;09.10.2025;Возв.сог.Заключ №5783535001 Возв.сог.ПРОТОК ;08.10.2025;0;0;0;31 570,94;0;14 901,21;0;0;;0;0;0
Тошкент шаҳар Янгиҳаёт тумани;46;Жисмоний шахслар даромадидан олинадиган солиқ;09.10.2025;Возв.сог.Заключ №5830630001 Возв.сог.ПРОТОК ;09.10.2025;0;0;0;14 338,26;0;562,95;0;0;;0;0;0
Тошкент шаҳар Янгиҳаёт тумани;46;Жисмоний шахслар даромадидан олинадиган солиқ;15.10.2025;С расчета за 9 м.;15.10.2025;32 581 010,00;0;0;0;32 580 447,05;0;0;0;;0;0;0
Тошкент шаҳар Янгиҳаёт тумани;46;Жисмоний шахслар даромадидан олинадиган солиқ;15.10.2025;Пост.сог.Мемор №193 Прочие ;15.10.2025;0;0;21 714,80;0;32 558 732,25;0;0;0;;0;0;0
Тошкент шаҳар Янгиҳаёт тумани;46;Жисмоний шахслар даромадидан олинадиган солиқ;20.10.2025;Пост.сог.Мемор №193 Прочие ;20.10.2025;0;0;32 729,78;0;32 526 002,47;0;0;0;;0;0;0
Тошкент шаҳар Янгиҳаёт тумани;46;Жисмоний шахслар даромадидан олинадиган солиқ;20.10.2025;Пост.сог.Мемор №197 Прочие ;20.10.2025;0;0;253,16;0;32 525 749,31;0;0;0;;0;0;0
Тошкент шаҳар Янгиҳаёт тумани;46;Жисмоний шахслар даромадидан олинадиган солиқ;20.10.2025;Нач.часть пени 80%;20.10.2025;0;0;0;0;32 525 749,31;0;0;60 776,30;16.10.2025 - 20.10.2025;0;60 776,30;0
Тошкент шаҳар Янгиҳаёт тумани;46;Жисмоний шахслар даромадидан олинадиган солиқ;21.10.2025;С перерасчета за 7 м. 2025 г.;21.10.2025;249 900,00;0;0;0;32 775 649,31;0;0;0;;0;60 776,30;0
Тошкент шаҳар Янгиҳаёт тумани;46;Жисмоний шахслар даромадидан олинадиган солиқ;21.10.2025;С перерасчета за 8 м. 2025 г.;21.10.2025;0;0;0;0;32 775 649,31;0;0;0;;0;60 776,30;0
Тошкент шаҳар Янгиҳаёт тумани;46;Жисмоний шахслар даромадидан олинадиган солиқ;21.10.2025;С перерасчета за 9 м. 2025 г.;21.10.2025;0;0;0;0;32 775 649,31;0;0;0;;0;60 776,30;0
Тошкент шаҳар Янгиҳаёт тумани;46;Жисмоний шахслар даромадидан олинадиган солиқ;21.10.2025;Нач. пени по перерасчету 80%;21.10.2025;0;0;0;0;32 775 649,31;0;0;3 731,87;;0;64 508,17;0
Тошкент шаҳар Янгиҳаёт тумани;46;Жисмоний шахслар даромадидан олинадиган солиқ;21.10.2025;Нач.часть пени 80%;21.10.2025;0;0;0;0;32 775 649,31;0;0;12 142,94;21.10.2025 - 21.10.2025;0;76 651,11;0
Тошкент шаҳар Янгиҳаёт тумани;46;Жисмоний шахслар даромадидан олинадиган солиқ;23.10.2025;Пост.сог.Мемор №193 Прочие ;23.10.2025;0;0;32 545 555,42;0;230 093,89;0;0;0;;0;76 651,11;0
Тошкент шаҳар Янгиҳаёт тумани;46;Жисмоний шахслар даромадидан олинадиган солиқ;23.10.2025;Пост.сог.Мемор №197 Прочие ;23.10.2025;0;0;251 746,84;0;0;21 652,95;0;0;;0;76 651,11;0
Тошкент шаҳар Янгиҳаёт тумани;46;Жисмоний шахслар даромадидан олинадиган солиқ;23.10.2025;Нач.часть пени 80%;23.10.2025;0;0;0;0;0;0;0;24 472,49;22.10.2025 - 23.10.2025;21 652,95;79 470,65;0
Тошкент шаҳар Янгиҳаёт тумани;46;Жисмоний шахслар даромадидан олинадиган солиқ;31.10.2025;Пост.сог.Заключ №6014915001 Прочие ;24.10.2025;0;0;79 470,65;0;0;0;0;0;;79 470,65;0;0
Тошкент шаҳар Янгиҳаёт тумани;46;Жисмоний шахслар даромадидан олинадиган солиқ;11.11.2025;Пост.сог.Мемор №207 Прочие ;11.11.2025;0;0;32 600 000,00;0;0;32 600 000,00;0;0;;0;0;0
Тошкент шаҳар Янгиҳаёт тумани;46;Жисмоний шахслар даромадидан олинадиган солиқ;11.11.2025;С расчета за 10 м.;17.11.2025;32 510 259,09;0;0;0;0;89 740,91;0;0;;0;0;89 740,91
Тошкент шаҳар Янгиҳаёт тумани;46;Жисмоний шахслар даромадидан олинадиган солиқ;26.11.2025;Возв.сог.Заключ №7317239001 Возв.сог.ПРОТОК ;25.11.2025;0;0;0;1 210,65;0;88 530,26;0;0;;0;0;88 530,26
Тошкент шаҳар Янгиҳаёт тумани;46;Жисмоний шахслар даромадидан олинадиган солиқ;09.12.2025;Пост.сог.Мемор №225 Прочие ;09.12.2025;0;0;28 900 000,00;0;0;28 988 530,26;0;0;;0;0;88 530,26
Тошкент шаҳар Янгиҳаёт тумани;46;Жисмоний шахслар даромадидан олинадиган солиқ;15.12.2025;С расчета за 11 м.;15.12.2025;28 820 610,00;0;0;0;0;167 920,26;0;0;;0;0;167 920,26
Тошкент шаҳар Янгиҳаёт тумани;46;Жисмоний шахслар даромадидан олинадиган солиқ;31.12.2025;Сальдо на 31.12.2025 г.;31.12.2025;359 486 785,51;0;407 331 887,64;20 772 694,69;0;167 920,26;0;805 433,65;01.01.2025 - 31.12.2025;1 139 415,23;0;167 920,26
Тошкент шаҳар Янгиҳаёт тумани;99;СОРЖга тушган молиявий жарималар;;Сальдо на;01.01.2025;0;0;0;0;0;0;0;0;;0;0;0
Тошкент шаҳар Янгиҳаёт тумани;99;СОРЖга тушган молиявий жарималар;31.12.2025;Сальдо на 31.12.2025 г.;31.12.2025;0;0;0;0;0;0;0;0;01.01.2025 - 31.12.2025;0;0;0
Тошкент шаҳар Янгиҳаёт тумани;100;Айланмадан олинадиган солиқ;;Сальдо на;01.01.2025;0;0;0;0;0;0;0;0;;0;0;0
Тошкент шаҳар Янгиҳаёт тумани;100;Айланмадан олинадиган солиқ;31.12.2025;Сальдо на 31.12.2025 г.;31.12.2025;0;0;0;0;0;0;0;0;01.01.2025 - 31.12.2025;0;0;0
Тошкент шаҳар Янгиҳаёт тумани;101;Фуқароларнинг жамғариб бориладиган пенсия бадалига ажратма;;Сальдо на;01.01.2025;0;0;0;0;193 530,81;0;0;0;;0;0;0
Тошкент шаҳар Янгиҳаёт тумани;101;Фуқароларнинг жамғариб бориладиган пенсия бадалига ажратма;15.01.2025;Пост.сог.Пл.пор №0000000008 Прочие ;15.01.2025;0;0;188 120,91;0;5 409,90;0;0;0;;0;0;0
Тошкент шаҳар Янгиҳаёт тумани;101;Фуқароларнинг жамғариб бориладиган пенсия бадалига ажратма;15.01.2025;Пост.сог.Пл.пор №0000000009 Прочие ;15.01.2025;0;0;273 120,91;0;0;267 711,01;0;0;;0;0;0
Тошкент шаҳар Янгиҳаёт тумани;101;Фуқароларнинг жамғариб бориладиган пенсия бадалига ажратма;27.01.2025;Пост.сог.Пл.пор №0000000018 Прочие ;27.01.2025;0;0;5 409,90;0;0;273 120,91;0;0;;0;0;0
Тошкент шаҳар Янгиҳаёт тумани;101;Фуқароларнинг жамғариб бориладиган пенсия бадалига ажратма;05.02.2025;Пост.сог.Пл.пор №0000000033 Прочие ;05.02.2025;0;0;237 120,91;0;0;510 241,82;0;0;;0;0;0
Тошкент шаҳар Янгиҳаёт тумани;101;Фуқароларнинг жамғариб бориладиган пенсия бадалига ажратма;30.01.2025;С расчета за 12 м.;17.02.2025;273 120,90;0;0;0;0;237 120,92;0;0;;0;0;237 120,92
Тошкент шаҳар Янгиҳаёт тумани;101;Фуқароларнинг жамғариб бориладиган пенсия бадалига ажратма;17.02.2025;С расчета за 1 м.;17.02.2025;237 120,91;0;0;0;0;0,01;0;0;;0;0;0,01
Тошкент шаҳар Янгиҳаёт тумани;101;Фуқароларнинг жамғариб бориладиган пенсия бадалига ажратма;11.03.2025;Пост.сог.Пл.пор №0000000046 Прочие ;11.03.2025;0;0;226 389,58;0;0;226 389,59;0;0;;0;0;0,01
Тошкент шаҳар Янгиҳаёт тумани;101;Фуқароларнинг жамғариб бориладиган пенсия бадалига ажратма;13.03.2025;Пост.сог.Пл.пор №0000000048 Прочие ;13.03.2025;0;0;1 868,41;0;0;228 258,00;0;0;;0;0;0,01
Тошкент шаҳар Янгиҳаёт тумани;101;Фуқароларнинг жамғариб бориладиган пенсия бадалига ажратма;17.03.2025;С расчета за 2 м.;17.03.2025;228 257,99;0;0;0;0;0,01;0;0;;0;0;0,01
Тошкент шаҳар Янгиҳаёт тумани;101;Фуқароларнинг жамғариб бориладиган пенсия бадалига ажратма;02.04.2025;Пост.сог.Пл.пор №0000000065 Прочие ;02.04.2025;0;0;224 120,91;0;0;224 120,92;0;0;;0;0;0,01
Тошкент шаҳар Янгиҳаёт тумани;101;Фуқароларнинг жамғариб бориладиган пенсия бадалига ажратма;15.04.2025;С расчета за 3 м.;15.04.2025;230 263,16;0;0;0;6 142,24;0;0;0;;0;0;0
Тошкент шаҳар Янгиҳаёт тумани;101;Фуқароларнинг жамғариб бориладиган пенсия бадалига ажратма;15.04.2025;Пост.сог.Пл.пор №0000000072 Прочие ;15.04.2025;0;0;6 142,24;0;0;0;0;0;;0;0;0
Тошкент шаҳар Янгиҳаёт тумани;101;Фуқароларнинг жамғариб бориладиган пенсия бадалига ажратма;07.05.2025;Пост.сог.Пл.пор №0000000082 Прочие ;07.05.2025;0;0;235 317,12;0;0;235 317,12;0;0;;0;0;0
Тошкент шаҳар Янгиҳаёт тумани;101;Фуқароларнинг жамғариб бориладиган пенсия бадалига ажратма;14.05.2025;С расчета за 4 м.;15.05.2025;235 317,12;0;0;0;0;0;0;0;;0;0;0
Тошкент шаҳар Янгиҳаёт тумани;101;Фуқароларнинг жамғариб бориладиган пенсия бадалига ажратма;02.06.2025;Пост.сог.Пл.пор №0000000117 Прочие ;02.06.2025;0;0;357 325,91;0;0;357 325,91;0;0;;0;0;0
Тошкент шаҳар Янгиҳаёт тумани;101;Фуқароларнинг жамғариб бориладиган пенсия бадалига ажратма;11.06.2025;С расчета за 5 м.;16.06.2025;257 325,91;0;0;0;0;100 000,00;0;0;;0;0;100 000,00
Тошкент шаҳар Янгиҳаёт тумани;101;Фуқароларнинг жамғариб бориладиган пенсия бадалига ажратма;09.07.2025;Пост.сог.Пл.пор №0000000137 Прочие ;09.07.2025;0;0;244 425,90;0;0;344 425,90;0;0;;0;0;100 000,00
Тошкент шаҳар Янгиҳаёт тумани;101;Фуқароларнинг жамғариб бориладиган пенсия бадалига ажратма;15.07.2025;С расчета за 6 м.;15.07.2025;244 425,90;0;0;0;0;100 000,00;0;0;;0;0;100 000,00
Тошкент шаҳар Янгиҳаёт тумани;101;Фуқароларнинг жамғариб бориладиган пенсия бадалига ажратма;15.08.2025;С расчета за 7 м.;15.08.2025;263 300,00;0;0;0;163 300,00;0;0;0;;0;0;0
Тошкент шаҳар Янгиҳаёт тумани;101;Фуқароларнинг жамғариб бориладиган пенсия бадалига ажратма;10.09.2025;Пост.сог.Пл.пор №0000000168 Прочие ;10.09.2025;0;0;260 490,00;0;0;97 190,00;0;0;;0;0;0
Тошкент шаҳар Янгиҳаёт тумани;101;Фуқароларнинг жамғариб бориладиган пенсия бадалига ажратма;10.09.2025;Пост.сог.Пл.пор №0000000167 Прочие ;10.09.2025;0;0;263 300,00;0;0;360 490,00;0;0;;0;0;0
Тошкент шаҳар Янгиҳаёт тумани;101;Фуқароларнинг жамғариб бориладиган пенсия бадалига ажратма;15.09.2025;С расчета за 8 м.;15.09.2025;260 490,00;0;0;0;0;100 000,00;0;0;;0;0;100 000,00
Тошкент шаҳар Янгиҳаёт тумани;101;Фуқароларнинг жамғариб бориладиган пенсия бадалига ажратма;02.10.2025;Пост.сог.Пл.пор №0000000182 Прочие ;02.10.2025;0;0;273 790,00;0;0;373 790,00;0;0;;0;0;100 000,00
Тошкент шаҳар Янгиҳаёт тумани;101;Фуқароларнинг жамғариб бориладиган пенсия бадалига ажратма;15.10.2025;С расчета за 9 м.;15.10.2025;273 790,00;0;0;0;0;100 000,00;0;0;;0;0;100 000,00
Тошкент шаҳар Янгиҳаёт тумани;101;Фуқароларнинг жамғариб бориладиган пенсия бадалига ажратма;21.10.2025;С перерасчета за 7 м. 2025 г.;21.10.2025;2 100,00;0;0;0;0;97 900,00;0;0;;0;0;97 900,00
Тошкент шаҳар Янгиҳаёт тумани;101;Фуқароларнинг жамғариб бориладиган пенсия бадалига ажратма;21.10.2025;С перерасчета за 8 м. 2025 г.;21.10.2025;0;0;0;0;0;97 900,00;0;0;;0;0;97 900,00
Тошкент шаҳар Янгиҳаёт тумани;101;Фуқароларнинг жамғариб бориладиган пенсия бадалига ажратма;21.10.2025;С перерасчета за 9 м. 2025 г.;21.10.2025;0;0;0;0;0;97 900,00;0;0;;0;0;97 900,00
Тошкент шаҳар Янгиҳаёт тумани;101;Фуқароларнинг жамғариб бориладиган пенсия бадалига ажратма;10.11.2025;Пост.сог.Пл.пор №0000000204 Прочие ;10.11.2025;0;0;273 195,45;0;0;371 095,45;0;0;;0;0;97 900,00
Тошкент шаҳар Янгиҳаёт тумани;101;Фуқароларнинг жамғариб бориладиган пенсия бадалига ажратма;11.11.2025;С расчета за 10 м.;17.11.2025;273 195,45;0;0;0;0;97 900,00;0;0;;0;0;97 900,00
Тошкент шаҳар Янгиҳаёт тумани;101;Фуқароларнинг жамғариб бориладиган пенсия бадалига ажратма;04.12.2025;Пост.сог.Пл.пор №0000000224 Прочие ;04.12.2025;0;0;242 190,00;0;0;340 090,00;0;0;;0;0;97 900,00
Тошкент шаҳар Янгиҳаёт тумани;101;Фуқароларнинг жамғариб бориладиган пенсия бадалига ажратма;15.12.2025;С расчета за 11 м.;15.12.2025;242 190,00;0;0;0;0;97 900,00;0;0;;0;0;97 900,00
Тошкент шаҳар Янгиҳаёт тумани;101;Фуқароларнинг жамғариб бориладиган пенсия бадалига ажратма;31.12.2025;Сальдо на 31.12.2025 г.;31.12.2025;3 020 897,34;0;3 312 328,15;0;0;97 900,00;0;0;01.01.2025 - 31.12.2025;0;0;97 900,00
Тошкент шаҳар Янгиҳаёт тумани;138;Жисмоний шахсларнинг дивиденд шаклидаги даромадларидан солиқ;;Сальдо на;01.01.2025;0;0;0;0;0;1 000,00;0;0;;0;0;0
Тошкент шаҳар Янгиҳаёт тумани;138;Жисмоний шахсларнинг дивиденд шаклидаги даромадларидан солиқ;21.04.2025;С расчета за 3 м.;21.04.2025;19 350 000,00;0;0;0;19 349 000,00;0;0;0;;0;0;0
Тошкент шаҳар Янгиҳаёт тумани;138;Жисмоний шахсларнинг дивиденд шаклидаги даромадларидан солиқ;05.05.2025;Пост.сог.Мемор №80 Прочие ;05.05.2025;0;0;19 350 000,00;0;0;1 000,00;0;0;;0;0;0
Тошкент шаҳар Янгиҳаёт тумани;138;Жисмоний шахсларнинг дивиденд шаклидаги даромадларидан солиқ;05.05.2025;Пост.сог.Мемор №791076071 Прочие ;05.05.2025;0;0;27 894,50;0;0;28 894,50;0;0;;0;0;0
Тошкент шаҳар Янгиҳаёт тумани;138;Жисмоний шахсларнинг дивиденд шаклидаги даромадларидан солиқ;05.05.2025;Нач.часть пени 80%;05.05.2025;0;0;0;0;0;0;0;101 130,78;22.04.2025 - 05.05.2025;28 894,50;72 236,28;0
Тошкент шаҳар Янгиҳаёт тумани;138;Жисмоний шахсларнинг дивиденд шаклидаги даромадларидан солиқ;06.05.2025;Пост.сог.Мемор №801000696 Прочие ;06.05.2025;0;0;72 236,28;0;0;0;0;0;;72 236,28;0;0
Тошкент шаҳар Янгиҳаёт тумани;138;Жисмоний шахсларнинг дивиденд шаклидаги даромадларидан солиқ;14.05.2025;Пост.сог.Мемор №108 Прочие ;14.05.2025;0;0;21 000 000,00;0;0;21 000 000,00;0;0;;0;0;0
Тошкент шаҳар Янгиҳаёт тумани;138;Жисмоний шахсларнинг дивиденд шаклидаги даромадларидан солиқ;14.05.2025;С расчета за 4 м.;20.05.2025;21 000 000,00;0;0;0;0;0;0;0;;0;0;0
Тошкент шаҳар Янгиҳаёт тумани;138;Жисмоний шахсларнинг дивиденд шаклидаги даромадларидан солиқ;20.06.2025;С расчета за 5 м.;20.06.2025;75 000 000,00;0;0;0;75 000 000,00;0;0;0;;0;0;0
Тошкент шаҳар Янгиҳаёт тумани;138;Жисмоний шахсларнинг дивиденд шаклидаги даромадларидан солиқ;24.06.2025;Пост.сог.Мемор №126 Прочие ;24.06.2025;0;0;49 735 229,09;0;25 264 770,91;0;0;0;;0;0;0
Тошкент шаҳар Янгиҳаёт тумани;138;Жисмоний шахсларнинг дивиденд шаклидаги даромадларидан солиқ;24.06.2025;Нач.часть пени 80%;24.06.2025;0;0;0;0;25 264 770,91;0;0;112 000,00;21.06.2025 - 24.06.2025;0;112 000,00;0
Тошкент шаҳар Янгиҳаёт тумани;138;Жисмоний шахсларнинг дивиденд шаклидаги даромадларидан солиқ;25.06.2025;Пост.сог.Мемор №126 Прочие ;25.06.2025;0;0;25 264 770,91;0;0;0;0;0;;0;112 000,00;0
Тошкент шаҳар Янгиҳаёт тумани;138;Жисмоний шахсларнинг дивиденд шаклидаги даромадларидан солиқ;25.06.2025;Пост.сог.Мемор №852067125 Прочие ;25.06.2025;0;0;121 432,18;0;0;121 432,18;0;0;;0;112 000,00;0
Тошкент шаҳар Янгиҳаёт тумани;138;Жисмоний шахсларнинг дивиденд шаклидаги даромадларидан солиқ;25.06.2025;Нач.часть пени 80%;25.06.2025;0;0;0;0;0;0;0;9 432,18;25.06.2025 - 25.06.2025;121 432,18;0;0
Тошкент шаҳар Янгиҳаёт тумани;138;Жисмоний шахсларнинг дивиденд шаклидаги даромадларидан солиқ;15.07.2025;Пост.сог.Мемор №142 Прочие ;15.07.2025;0;0;5 000 000,00;0;0;5 000 000,00;0;0;;0;0;0
Тошкент шаҳар Янгиҳаёт тумани;138;Жисмоний шахсларнинг дивиденд шаклидаги даромадларидан солиқ;15.07.2025;С расчета за 6 м.;21.07.2025;5 000 000,00;0;0;0;0;0;0;0;;0;0;0
Тошкент шаҳар Янгиҳаёт тумани;138;Жисмоний шахсларнинг дивиденд шаклидаги даромадларидан солиқ;20.08.2025;С расчета за 7 м.;20.08.2025;80 000 000,00;0;0;0;80 000 000,00;0;0;0;;0;0;0
Тошкент шаҳар Янгиҳаёт тумани;138;Жисмоний шахсларнинг дивиденд шаклидаги даромадларидан солиқ;09.09.2025;Пост.сог.Мемор №913094464 Прочие ;09.09.2025;0;0;149 333,34;0;79 850 666,66;0;0;0;;0;0;0
Тошкент шаҳар Янгиҳаёт тумани;138;Жисмоний шахсларнинг дивиденд шаклидаги даромадларидан солиқ;09.09.2025;Пост.сог.Мемор №160 Прочие ;09.09.2025;0;0;80 000 000,00;0;0;149 333,34;0;0;;0;0;0
Тошкент шаҳар Янгиҳаёт тумани;138;Жисмоний шахсларнинг дивиденд шаклидаги даромадларидан солиқ;09.09.2025;Нач.часть пени 80%;09.09.2025;0;0;0;0;0;0;0;597 333,34;21.08.2025 - 09.09.2025;149 333,34;448 000,00;0
Тошкент шаҳар Янгиҳаёт тумани;138;Жисмоний шахсларнинг дивиденд шаклидаги даромадларидан солиқ;15.09.2025;Пост.сог.Мемор №934021562 Прочие ;15.09.2025;0;0;41 314,55;0;0;41 314,55;0;0;;0;448 000,00;0
Тошкент шаҳар Янгиҳаёт тумани;138;Жисмоний шахсларнинг дивиденд шаклидаги даромадларидан солиқ;15.09.2025;Пост.сог.Заключ №5362221001 Прочие ;15.09.2025;0;0;448 000,00;0;0;41 314,55;0;0;;448 000,00;0;0
Тошкент шаҳар Янгиҳаёт тумани;138;Жисмоний шахсларнинг дивиденд шаклидаги даромадларидан солиқ;04.12.2025;Пост.сог.Заключ №7525261001 Прочие ;03.12.2025;0;0;318 060,00;0;0;359 374,55;0;0;;0;0;0
Тошкент шаҳар Янгиҳаёт тумани;138;Жисмоний шахсларнинг дивиденд шаклидаги даромадларидан солиқ;04.12.2025;Пост.сог.Заключ №7525261002 Прочие ;03.12.2025;0;0;392 816,64;0;0;752 191,19;0;0;;0;0;0
Тошкент шаҳар Янгиҳаёт тумани;138;Жисмоний шахсларнинг дивиденд шаклидаги даромадларидан солиқ;04.12.2025;Пост.сог.Заключ №7525261003 Прочие ;03.12.2025;0;0;334 800,00;0;0;1 086 991,19;0;0;;0;0;0
Тошкент шаҳар Янгиҳаёт тумани;138;Жисмоний шахсларнинг дивиденд шаклидаги даромадларидан солиқ;04.12.2025;Пост.сог.Заключ №7525261004 Прочие ;03.12.2025;0;0;3 799 278,00;0;0;4 886 269,19;0;0;;0;0;0
Тошкент шаҳар Янгиҳаёт тумани;138;Жисмоний шахсларнинг дивиденд шаклидаги даромадларидан солиқ;04.12.2025;Пост.сог.Заключ №7525261005 Прочие ;03.12.2025;0;0;1 135 536,27;0;0;6 021 805,46;0;0;;0;0;0
Тошкент шаҳар Янгиҳаёт тумани;138;Жисмоний шахсларнинг дивиденд шаклидаги даромадларидан солиқ;04.12.2025;Пост.сог.Заключ №7525261006 Прочие ;03.12.2025;0;0;1 367,26;0;0;6 023 172,72;0;0;;0;0;0
Тошкент шаҳар Янгиҳаёт тумани;138;Жисмоний шахсларнинг дивиденд шаклидаги даромадларидан солиқ;04.12.2025;Пост.сог.Заключ №7525261007 Прочие ;03.12.2025;0;0;4 056 000,00;0;0;10 079 172,72;0;0;;0;0;0
Тошкент шаҳар Янгиҳаёт тумани;138;Жисмоний шахсларнинг дивиденд шаклидаги даромадларидан солиқ;04.12.2025;Пост.сог.Заключ №7525261008 Прочие ;03.12.2025;0;0;665 280,00;0;0;10 744 452,72;0;0;;0;0;0
Тошкент шаҳар Янгиҳаёт тумани;138;Жисмоний шахсларнинг дивиденд шаклидаги даромадларидан солиқ;04.12.2025;Пост.сог.Заключ №7525261009 Прочие ;03.12.2025;0;0;2 292 000,00;0;0;13 036 452,72;0;0;;0;0;0
Тошкент шаҳар Янгиҳаёт тумани;138;Жисмоний шахсларнинг дивиденд шаклидаги даромадларидан солиқ;05.12.2025;Пост.сог.Заключ №7525261010 Прочие ;03.12.2025;0;0;15 476 191,18;0;0;28 512 643,90;0;0;;0;0;0
Тошкент шаҳар Янгиҳаёт тумани;138;Жисмоний шахсларнинг дивиденд шаклидаги даромадларидан солиқ;05.12.2025;Пост.сог.Заключ №7525261011 Прочие ;03.12.2025;0;0;280 800,00;0;0;28 793 443,90;0;0;;0;0;0
Тошкент шаҳар Янгиҳаёт тумани;138;Жисмоний шахсларнинг дивиденд шаклидаги даромадларидан солиқ;05.12.2025;Пост.сог.Заключ №7525261012 Прочие ;03.12.2025;0;0;851 413,23;0;0;29 644 857,13;0;0;;0;0;0
Тошкент шаҳар Янгиҳаёт тумани;138;Жисмоний шахсларнинг дивиденд шаклидаги даромадларидан солиқ;05.12.2025;Пост.сог.Заключ №7525261013 Прочие ;03.12.2025;0;0;240 000,00;0;0;29 884 857,13;0;0;;0;0;0
Тошкент шаҳар Янгиҳаёт тумани;138;Жисмоний шахсларнинг дивиденд шаклидаги даромадларидан солиқ;05.12.2025;Пост.сог.Заключ №7525261014 Прочие ;03.12.2025;0;0;63 021,43;0;0;29 947 878,56;0;0;;0;0;0
Тошкент шаҳар Янгиҳаёт тумани;138;Жисмоний шахсларнинг дивиденд шаклидаги даромадларидан солиқ;05.12.2025;Пост.сог.Заключ №7525261015 Прочие ;03.12.2025;0;0;10 308 000,00;0;0;40 255 878,56;0;0;;0;0;0
Тошкент шаҳар Янгиҳаёт тумани;138;Жисмоний шахсларнинг дивиденд шаклидаги даромадларидан солиқ;05.12.2025;Пост.сог.Заключ №7525261016 Прочие ;03.12.2025;0;0;741 765,09;0;0;40 997 643,65;0;0;;0;0;0
Тошкент шаҳар Янгиҳаёт тумани;138;Жисмоний шахсларнинг дивиденд шаклидаги даромадларидан солиқ;05.12.2025;Пост.сог.Заключ №7525261017 Прочие ;03.12.2025;0;0;155 773,30;0;0;41 153 416,95;0;0;;0;0;0
Тошкент шаҳар Янгиҳаёт тумани;138;Жисмоний шахсларнинг дивиденд шаклидаги даромадларидан солиқ;05.12.2025;Пост.сог.Заключ №7525261018 Прочие ;03.12.2025;0;0;1 730 724,00;0;0;42 884 140,95;0;0;;0;0;0
Тошкент шаҳар Янгиҳаёт тумани;138;Жисмоний шахсларнинг дивиденд шаклидаги даромадларидан солиқ;05.12.2025;Пост.сог.Заключ №7525261019 Прочие ;03.12.2025;0;0;1 536 000,00;0;0;44 420 140,95;0;0;;0;0;0
Тошкент шаҳар Янгиҳаёт тумани;138;Жисмоний шахсларнинг дивиденд шаклидаги даромадларидан солиқ;05.12.2025;Пост.сог.Заключ №7525261020 Прочие ;03.12.2025;0;0;1 090 080,00;0;0;45 510 220,95;0;0;;0;0;0
Тошкент шаҳар Янгиҳаёт тумани;138;Жисмоний шахсларнинг дивиденд шаклидаги даромадларидан солиқ;05.12.2025;Пост.сог.Заключ №7525261021 Прочие ;03.12.2025;0;0;574 800,00;0;0;46 085 020,95;0;0;;0;0;0
Тошкент шаҳар Янгиҳаёт тумани;138;Жисмоний шахсларнинг дивиденд шаклидаги даромадларидан солиқ;05.12.2025;Пост.сог.Заключ №7525261022 Прочие ;03.12.2025;0;0;1 350 000,00;0;0;47 435 020,95;0;0;;0;0;0
Тошкент шаҳар Янгиҳаёт тумани;138;Жисмоний шахсларнинг дивиденд шаклидаги даромадларидан солиқ;05.12.2025;Пост.сог.Заключ №7525261023 Прочие ;03.12.2025;0;0;693 600,00;0;0;48 128 620,95;0;0;;0;0;0
Тошкент шаҳар Янгиҳаёт тумани;138;Жисмоний шахсларнинг дивиденд шаклидаги даромадларидан солиқ;09.12.2025;Пост.сог.Заключ №7525261028 Прочие ;03.12.2025;0;0;175 000,00;0;0;48 303 620,95;0;0;;0;0;0
Тошкент шаҳар Янгиҳаёт тумани;138;Жисмоний шахсларнинг дивиденд шаклидаги даромадларидан солиқ;09.12.2025;Пост.сог.Заключ №7525261025 Прочие ;03.12.2025;0;0;383 040,00;0;0;48 686 660,95;0;0;;0;0;0
Тошкент шаҳар Янгиҳаёт тумани;138;Жисмоний шахсларнинг дивиденд шаклидаги даромадларидан солиқ;09.12.2025;Пост.сог.Заключ №7525261027 Прочие ;03.12.2025;0;0;204 600,00;0;0;48 891 260,95;0;0;;0;0;0
Тошкент шаҳар Янгиҳаёт тумани;138;Жисмоний шахсларнинг дивиденд шаклидаги даромадларидан солиқ;09.12.2025;Пост.сог.Заключ №7525261024 Прочие ;03.12.2025;0;0;49 538,10;0;0;48 940 799,05;0;0;;0;0;0
Тошкент шаҳар Янгиҳаёт тумани;138;Жисмоний шахсларнинг дивиденд шаклидаги даромадларидан солиқ;09.12.2025;Пост.сог.Заключ №7525261026 Прочие ;03.12.2025;0;0;349 920,00;0;0;49 290 719,05;0;0;;0;0;0
Тошкент шаҳар Янгиҳаёт тумани;138;Жисмоний шахсларнинг дивиденд шаклидаги даромадларидан солиқ;09.12.2025;Пост.сог.Заключ №7525261029 Прочие ;03.12.2025;0;0;709 280,95;0;0;50 000 000,00;0;0;;0;0;0
Тошкент шаҳар Янгиҳаёт тумани;138;Жисмоний шахсларнинг дивиденд шаклидаги даромадларидан солиқ;03.12.2025;С расчета за 11 м.;22.12.2025;50 000 000,00;0;0;0;0;0;0;0;;0;0;0
Тошкент шаҳар Янгиҳаёт тумани;138;Жисмоний шахсларнинг дивиденд шаклидаги даромадларидан солиқ;31.12.2025;Сальдо на 31.12.2025 г.;31.12.2025;250 350 000,00;0;251 168 896,30;0;0;0;0;819 896,30;01.01.2025 - 31.12.2025;819 896,30;0;0
Тошкент шаҳар Янгиҳаёт тумани;186;Тўлов манбаида ушлаб қолинган жисмоний шахсларнинг мол-мулкини ижарага беришдан олинган даромад солиғи;;Сальдо на;01.01.2025;0;0;0;0;3 727 703,80;0;0;0;;0;20 129,60;0
Тошкент шаҳар Янгиҳаёт тумани;186;Тўлов манбаида ушлаб қолинган жисмоний шахсларнинг мол-мулкини ижарага беришдан олинган даромад солиғи;13.01.2025;Пост.сог.Мемор №139 Прочие ;13.01.2025;0;0;3 751 859,32;0;0;24 155,52;0;0;;0;20 129,60;0
Тошкент шаҳар Янгиҳаёт тумани;186;Тўлов манбаида ушлаб қолинган жисмоний шахсларнинг мол-мулкини ижарага беришдан олинган даромад солиғи;13.01.2025;Нач.часть пени 80%;13.01.2025;0;0;0;0;0;0;0;16 103,68;02.01.2025 - 13.01.2025;24 155,52;12 077,76;0
Тошкент шаҳар Янгиҳаёт тумани;186;Тўлов манбаида ушлаб қолинган жисмоний шахсларнинг мол-мулкини ижарага беришдан олинган даромад солиғи;28.01.2025;Пост.сог.Мемор №22 Прочие ;28.01.2025;0;0;6 000 000,00;0;0;5 987 922,24;0;0;;12 077,76;0;0
Тошкент шаҳар Янгиҳаёт тумани;186;Тўлов манбаида ушлаб қолинган жисмоний шахсларнинг мол-мулкини ижарага беришдан олинган даромад солиғи;30.01.2025;С расчета за 12 м.;17.02.2025;6 000 000,00;0;0;0;12 077,76;0;0;0;;0;0;0
Тошкент шаҳар Янгиҳаёт тумани;186;Тўлов манбаида ушлаб қолинган жисмоний шахсларнинг мол-мулкини ижарага беришдан олинган даромад солиғи;17.02.2025;С расчета за 1 м.;17.02.2025;6 000 000,00;0;0;0;6 012 077,76;0;0;0;;0;0;0
Тошкент шаҳар Янгиҳаёт тумани;186;Тўлов манбаида ушлаб қолинган жисмоний шахсларнинг мол-мулкини ижарага беришдан олинган даромад солиғи;18.02.2025;Пост.сог.Мемор №37 Прочие ;18.02.2025;0;0;304 831,90;0;5 707 245,86;0;0;0;;0;0;0
Тошкент шаҳар Янгиҳаёт тумани;186;Тўлов манбаида ушлаб қолинган жисмоний шахсларнинг мол-мулкини ижарага беришдан олинган даромад солиғи;18.02.2025;Нач.часть пени 80%;18.02.2025;0;0;0;0;5 707 245,86;0;0;2 164,34;18.02.2025 - 18.02.2025;0;2 164,34;0
Тошкент шаҳар Янгиҳаёт тумани;186;Тўлов манбаида ушлаб қолинган жисмоний шахсларнинг мол-мулкини ижарага беришдан олинган даромад солиғи;21.02.2025;Пост.сог.Мемор №37 Прочие ;21.02.2025;0;0;4 719 428,63;0;987 817,23;0;0;0;;0;2 164,34;0
Тошкент шаҳар Янгиҳаёт тумани;186;Тўлов манбаида ушлаб қолинган жисмоний шахсларнинг мол-мулкини ижарага беришдан олинган даромад солиғи;21.02.2025;Нач.часть пени 80%;21.02.2025;0;0;0;0;987 817,23;0;0;6 163,82;19.02.2025 - 21.02.2025;0;8 328,16;0
Тошкент шаҳар Янгиҳаёт тумани;186;Тўлов манбаида ушлаб қолинган жисмоний шахсларнинг мол-мулкини ижарага беришдан олинган даромад солиғи;28.02.2025;Пост.сог.Мемор №37 Прочие ;28.02.2025;0;0;975 739,47;0;12 077,76;0;0;0;;0;8 328,16;0
Тошкент шаҳар Янгиҳаёт тумани;186;Тўлов манбаида ушлаб қолинган жисмоний шахсларнинг мол-мулкини ижарага беришдан олинган даромад солиғи;28.02.2025;Нач.часть пени 80%;28.02.2025;0;0;0;0;12 077,76;0;0;2 489,30;22.02.2025 - 28.02.2025;0;10 817,46;0
Тошкент шаҳар Янгиҳаёт тумани;186;Тўлов манбаида ушлаб қолинган жисмоний шахсларнинг мол-мулкини ижарага беришдан олинган даромад солиғи;07.03.2025;Пост.сог.Мемор №732186060 Прочие ;07.03.2025;0;0;21 828,38;0;0;9 750,62;0;0;;0;10 817,46;0
Тошкент шаҳар Янгиҳаёт тумани;186;Тўлов манбаида ушлаб қолинган жисмоний шахсларнинг мол-мулкини ижарага беришдан олинган даромад солиғи;07.03.2025;Нач.часть пени 80%;07.03.2025;0;0;0;0;0;0;0;30,43;01.03.2025 - 07.03.2025;9 750,62;1 097,27;0
Тошкент шаҳар Янгиҳаёт тумани;186;Тўлов манбаида ушлаб қолинган жисмоний шахсларнинг мол-мулкини ижарага беришдан олинган даромад солиғи;20.03.2025;Пост.сог.Заключ №2947440001 Прочие ;14.03.2025;0;0;1 097,27;0;0;0;0;0;;1 097,27;0;0
Тошкент шаҳар Янгиҳаёт тумани;186;Тўлов манбаида ушлаб қолинган жисмоний шахсларнинг мол-мулкини ижарага беришдан олинган даромад солиғи;17.03.2025;С расчета за 2 м.;17.03.2025;6 000 000,00;0;0;0;6 000 000,00;0;0;0;;0;0;0
Тошкент шаҳар Янгиҳаёт тумани;186;Тўлов манбаида ушлаб қолинган жисмоний шахсларнинг мол-мулкини ижарага беришдан олинган даромад солиғи;18.03.2025;Пост.сог.Мемор №52 Прочие ;18.03.2025;0;0;6 000 000,00;0;0;0;0;0;;0;0;0
Тошкент шаҳар Янгиҳаёт тумани;186;Тўлов манбаида ушлаб қолинган жисмоний шахсларнинг мол-мулкини ижарага беришдан олинган даромад солиғи;20.03.2025;Пост.сог.Заключ №3057792001 Прочие ;18.03.2025;0;0;6 002 160,00;0;0;6 002 160,00;0;0;;0;0;0
Тошкент шаҳар Янгиҳаёт тумани;186;Тўлов манбаида ушлаб қолинган жисмоний шахсларнинг мол-мулкини ижарага беришдан олинган даромад солиғи;18.03.2025;Нач.часть пени 80%;18.03.2025;0;0;0;0;0;6 000 000,00;0;2 160,00;18.03.2025 - 18.03.2025;2 160,00;0;0
Тошкент шаҳар Янгиҳаёт тумани;186;Тўлов манбаида ушлаб қолинган жисмоний шахсларнинг мол-мулкини ижарага беришдан олинган даромад солиғи;19.03.2025;Пост.сог.Заключ №3111508001 Прочие ;19.03.2025;0;0;2 160,00;0;0;6 002 160,00;0;0;;0;0;0
Тошкент шаҳар Янгиҳаёт тумани;186;Тўлов манбаида ушлаб қолинган жисмоний шахсларнинг мол-мулкини ижарага беришдан олинган даромад солиғи;15.04.2025;С расчета за 3 м.;15.04.2025;6 000 000,00;0;0;0;0;2 160,00;0;0;;0;0;2 160,00
Тошкент шаҳар Янгиҳаёт тумани;186;Тўлов манбаида ушлаб қолинган жисмоний шахсларнинг мол-мулкини ижарага беришдан олинган даромад солиғи;16.04.2025;Пост.сог.Мемор №75 Прочие ;16.04.2025;0;0;20 611,94;0;0;22 771,94;0;0;;0;0;2 160,00
Тошкент шаҳар Янгиҳаёт тумани;186;Тўлов манбаида ушлаб қолинган жисмоний шахсларнинг мол-мулкини ижарага беришдан олинган даромад солиғи;17.04.2025;Пост.сог.Мемор №75 Прочие ;17.04.2025;0;0;3 971 509,64;0;0;3 994 281,58;0;0;;0;0;2 160,00
Тошкент шаҳар Янгиҳаёт тумани;186;Тўлов манбаида ушлаб қолинган жисмоний шахсларнинг мол-мулкини ижарага беришдан олинган даромад солиғи;17.04.2025;Пост.сог.Мемор №75 Прочие ;17.04.2025;0;0;1 966 117,25;0;0;5 960 398,83;0;0;;0;0;2 160,00
Тошкент шаҳар Янгиҳаёт тумани;186;Тўлов манбаида ушлаб қолинган жисмоний шахсларнинг мол-мулкини ижарага беришдан олинган даромад солиғи;18.04.2025;Пост.сог.Мемор №75 Прочие ;18.04.2025;0;0;41 761,17;0;0;6 002 160,00;0;0;;0;0;2 160,00
Тошкент шаҳар Янгиҳаёт тумани;186;Тўлов манбаида ушлаб қолинган жисмоний шахсларнинг мол-мулкини ижарага беришдан олинган даромад солиғи;05.05.2025;Возв.сог.Заключ №3519270001 Возв.сог.ПРОТОК ;05.05.2025;0;0;0;6 002 160,00;0;0;0;0;;0;0;0
Тошкент шаҳар Янгиҳаёт тумани;186;Тўлов манбаида ушлаб қолинган жисмоний шахсларнинг мол-мулкини ижарага беришдан олинган даромад солиғи;12.05.2025;Пост.сог.Мемор №87 Прочие ;12.05.2025;0;0;6 000 000,00;0;0;6 000 000,00;0;0;;0;0;0
Тошкент шаҳар Янгиҳаёт тумани;186;Тўлов манбаида ушлаб қолинган жисмоний шахсларнинг мол-мулкини ижарага беришдан олинган даромад солиғи;14.05.2025;Пост.сог.Мемор №111 Прочие ;14.05.2025;0;0;6 000 000,00;0;0;12 000 000,00;0;0;;0;0;0
Тошкент шаҳар Янгиҳаёт тумани;186;Тўлов манбаида ушлаб қолинган жисмоний шахсларнинг мол-мулкини ижарага беришдан олинган даромад солиғи;14.05.2025;С расчета за 4 м.;15.05.2025;6 000 000,00;0;0;0;0;6 000 000,00;0;0;;0;0;6 000 000,00
Тошкент шаҳар Янгиҳаёт тумани;186;Тўлов манбаида ушлаб қолинган жисмоний шахсларнинг мол-мулкини ижарага беришдан олинган даромад солиғи;11.06.2025;С расчета за 5 м.;16.06.2025;6 000 000,00;0;0;0;0;0;0;0;;0;0;0
Тошкент шаҳар Янгиҳаёт тумани;186;Тўлов манбаида ушлаб қолинган жисмоний шахсларнинг мол-мулкини ижарага беришдан олинган даромад солиғи;15.07.2025;С расчета за 6 м.;15.07.2025;6 000 000,00;0;0;0;6 000 000,00;0;0;0;;0;0;0
Тошкент шаҳар Янгиҳаёт тумани;186;Тўлов манбаида ушлаб қолинган жисмоний шахсларнинг мол-мулкини ижарага беришдан олинган даромад солиғи;15.07.2025;Пост.сог.Мемор №145 Прочие ;15.07.2025;0;0;22 266,83;0;5 977 733,17;0;0;0;;0;0;0
Тошкент шаҳар Янгиҳаёт тумани;186;Тўлов манбаида ушлаб қолинган жисмоний шахсларнинг мол-мулкини ижарага беришдан олинган даромад солиғи;17.07.2025;Пост.сог.Мемор №145 Прочие ;17.07.2025;0;0;236 425,13;0;5 741 308,04;0;0;0;;0;0;0
Тошкент шаҳар Янгиҳаёт тумани;186;Тўлов манбаида ушлаб қолинган жисмоний шахсларнинг мол-мулкини ижарага беришдан олинган даромад солиғи;17.07.2025;Пост.сог.Мемор №145 Прочие ;17.07.2025;0;0;476 301,50;0;5 265 006,54;0;0;0;;0;0;0
Тошкент шаҳар Янгиҳаёт тумани;186;Тўлов манбаида ушлаб қолинган жисмоний шахсларнинг мол-мулкини ижарага беришдан олинган даромад солиғи;17.07.2025;Нач.часть пени 80%;17.07.2025;0;0;0;0;5 265 006,54;0;0;4 463,38;16.07.2025 - 17.07.2025;0;4 463,38;0
Тошкент шаҳар Янгиҳаёт тумани;186;Тўлов манбаида ушлаб қолинган жисмоний шахсларнинг мол-мулкини ижарага беришдан олинган даромад солиғи;18.07.2025;Пост.сог.Мемор №145 Прочие ;18.07.2025;0;0;78 773,61;0;5 186 232,93;0;0;0;;0;4 463,38;0
Тошкент шаҳар Янгиҳаёт тумани;186;Тўлов манбаида ушлаб қолинган жисмоний шахсларнинг мол-мулкини ижарага беришдан олинган даромад солиғи;18.07.2025;Нач.часть пени 80%;18.07.2025;0;0;0;0;5 186 232,93;0;0;1 965,60;18.07.2025 - 18.07.2025;0;6 428,98;0
Тошкент шаҳар Янгиҳаёт тумани;186;Тўлов манбаида ушлаб қолинган жисмоний шахсларнинг мол-мулкини ижарага беришдан олинган даромад солиғи;21.07.2025;Пост.сог.Мемор №145 Прочие ;21.07.2025;0;0;5 186 232,93;0;0;0;0;0;;0;6 428,98;0
Тошкент шаҳар Янгиҳаёт тумани;186;Тўлов манбаида ушлаб қолинган жисмоний шахсларнинг мол-мулкини ижарага беришдан олинган даромад солиғи;21.07.2025;Нач.часть пени 80%;21.07.2025;0;0;0;0;0;0;0;5 808,58;19.07.2025 - 21.07.2025;0;12 237,56;0
Тошкент шаҳар Янгиҳаёт тумани;186;Тўлов манбаида ушлаб қолинган жисмоний шахсларнинг мол-мулкини ижарага беришдан олинган даромад солиғи;15.08.2025;С расчета за 7 м.;15.08.2025;6 000 000,00;0;0;0;6 000 000,00;0;0;0;;0;12 237,56;0
Тошкент шаҳар Янгиҳаёт тумани;186;Тўлов манбаида ушлаб қолинган жисмоний шахсларнинг мол-мулкини ижарага беришдан олинган даромад солиғи;09.09.2025;Пост.сог.Мемор №158 Прочие ;09.09.2025;0;0;6 000 000,00;0;0;0;0;0;;0;12 237,56;0
Тошкент шаҳар Янгиҳаёт тумани;186;Тўлов манбаида ушлаб қолинган жисмоний шахсларнинг мол-мулкини ижарага беришдан олинган даромад солиғи;09.09.2025;Нач.часть пени 80%;09.09.2025;0;0;0;0;0;0;0;56 000,00;16.08.2025 - 09.09.2025;0;68 237,56;0
Тошкент шаҳар Янгиҳаёт тумани;186;Тўлов манбаида ушлаб қолинган жисмоний шахсларнинг мол-мулкини ижарага беришдан олинган даромад солиғи;15.09.2025;С расчета за 8 м.;15.09.2025;6 000 000,00;0;0;0;6 000 000,00;0;0;0;;0;68 237,56;0
Тошкент шаҳар Янгиҳаёт тумани;186;Тўлов манбаида ушлаб қолинган жисмоний шахсларнинг мол-мулкини ижарага беришдан олинган даромад солиғи;15.09.2025;Пост.сог.Заключ №5362228001 Прочие ;15.09.2025;0;0;68 237,56;0;5 931 762,44;0;0;0;;0;68 237,56;0
Тошкент шаҳар Янгиҳаёт тумани;186;Тўлов манбаида ушлаб қолинган жисмоний шахсларнинг мол-мулкини ижарага беришдан олинган даромад солиғи;18.09.2025;Пост.сог.Заключ №5421366003 Прочие ;17.09.2025;0;0;767 719,02;0;5 164 043,42;0;0;0;;0;68 237,56;0
Тошкент шаҳар Янгиҳаёт тумани;186;Тўлов манбаида ушлаб қолинган жисмоний шахсларнинг мол-мулкини ижарага беришдан олинган даромад солиғи;18.09.2025;Пост.сог.Заключ №5421366001 Прочие ;17.09.2025;0;0;1 241 380,43;0;3 922 662,99;0;0;0;;0;68 237,56;0
Тошкент шаҳар Янгиҳаёт тумани;186;Тўлов манбаида ушлаб қолинган жисмоний шахсларнинг мол-мулкини ижарага беришдан олинган даромад солиғи;18.09.2025;Пост.сог.Заключ №5421366002 Прочие ;17.09.2025;0;0;80 444,14;0;3 842 218,85;0;0;0;;0;68 237,56;0
Тошкент шаҳар Янгиҳаёт тумани;186;Тўлов манбаида ушлаб қолинган жисмоний шахсларнинг мол-мулкини ижарага беришдан олинган даромад солиғи;17.09.2025;Нач.часть пени 80%;17.09.2025;0;0;0;0;3 842 218,85;0;0;4 429,05;16.09.2025 - 17.09.2025;0;72 666,61;0
Тошкент шаҳар Янгиҳаёт тумани;186;Тўлов манбаида ушлаб қолинган жисмоний шахсларнинг мол-мулкини ижарага беришдан олинган даромад солиғи;18.09.2025;Пост.сог.Мемор №172 Прочие ;18.09.2025;0;0;43 291,35;0;3 798 927,50;0;0;0;;0;72 666,61;0
Тошкент шаҳар Янгиҳаёт тумани;186;Тўлов манбаида ушлаб қолинган жисмоний шахсларнинг мол-мулкини ижарага беришдан олинган даромад солиғи;18.09.2025;Нач.часть пени 80%;18.09.2025;0;0;0;0;3 798 927,50;0;0;1 434,43;18.09.2025 - 18.09.2025;0;74 101,04;0
Тошкент шаҳар Янгиҳаёт тумани;186;Тўлов манбаида ушлаб қолинган жисмоний шахсларнинг мол-мулкини ижарага беришдан олинган даромад солиғи;22.09.2025;Пост.сог.Мемор №172 Прочие ;22.09.2025;0;0;176 573,93;0;3 622 353,57;0;0;0;;0;74 101,04;0
Тошкент шаҳар Янгиҳаёт тумани;186;Тўлов манбаида ушлаб қолинган жисмоний шахсларнинг мол-мулкини ижарага беришдан олинган даромад солиғи;22.09.2025;Пост.сог.Мемор №172 Прочие ;22.09.2025;0;0;3 312 746,33;0;309 607,24;0;0;0;;0;74 101,04;0
Тошкент шаҳар Янгиҳаёт тумани;186;Тўлов манбаида ушлаб қолинган жисмоний шахсларнинг мол-мулкини ижарага беришдан олинган даромад солиғи;22.09.2025;Нач.часть пени 80%;22.09.2025;0;0;0;0;309 607,24;0;0;5 673,06;19.09.2025 - 22.09.2025;0;79 774,10;0
Тошкент шаҳар Янгиҳаёт тумани;186;Тўлов манбаида ушлаб қолинган жисмоний шахсларнинг мол-мулкини ижарага беришдан олинган даромад солиғи;24.09.2025;Пост.сог.Мемор №172 Прочие ;24.09.2025;0;0;2 467 388,39;0;0;2 157 781,15;0;0;;0;79 774,10;0
Тошкент шаҳар Янгиҳаёт тумани;186;Тўлов манбаида ушлаб қолинган жисмоний шахсларнинг мол-мулкини ижарага беришдан олинган даромад солиғи;24.09.2025;Нач.часть пени 80%;24.09.2025;0;0;0;0;0;2 077 775,87;0;231,18;23.09.2025 - 24.09.2025;80 005,28;0;0
Тошкент шаҳар Янгиҳаёт тумани;186;Тўлов манбаида ушлаб қолинган жисмоний шахсларнинг мол-мулкини ижарага беришдан олинган даромад солиғи;09.10.2025;Возв.сог.Заключ №5830631001 Возв.сог.ПРОТОК ;09.10.2025;0;0;0;60 470,76;0;2 017 305,11;0;0;;0;0;0
Тошкент шаҳар Янгиҳаёт тумани;186;Тўлов манбаида ушлаб қолинган жисмоний шахсларнинг мол-мулкини ижарага беришдан олинган даромад солиғи;09.10.2025;Возв.сог.Заключ №5830632001 Возв.сог.ПРОТОК ;09.10.2025;0;0;0;31 570,94;0;1 985 734,17;0;0;;0;0;0
Тошкент шаҳар Янгиҳаёт тумани;186;Тўлов манбаида ушлаб қолинган жисмоний шахсларнинг мол-мулкини ижарага беришдан олинган даромад солиғи;15.10.2025;С расчета за 9 м.;15.10.2025;6 000 000,00;0;0;0;4 014 265,83;0;0;0;;0;0;0
Тошкент шаҳар Янгиҳаёт тумани;186;Тўлов манбаида ушлаб қолинган жисмоний шахсларнинг мол-мулкини ижарага беришдан олинган даромад солиғи;15.10.2025;Пост.сог.Мемор №195 Прочие ;15.10.2025;0;0;3 996,57;0;4 010 269,26;0;0;0;;0;0;0
Тошкент шаҳар Янгиҳаёт тумани;186;Тўлов манбаида ушлаб қолинган жисмоний шахсларнинг мол-мулкини ижарага беришдан олинган даромад солиғи;20.10.2025;Пост.сог.Мемор №195 Прочие ;20.10.2025;0;0;516 386,09;0;3 493 883,17;0;0;0;;0;0;0
Тошкент шаҳар Янгиҳаёт тумани;186;Тўлов манбаида ушлаб қолинган жисмоний шахсларнинг мол-мулкини ижарага беришдан олинган даромад солиғи;20.10.2025;Нач.часть пени 80%;20.10.2025;0;0;0;0;3 493 883,17;0;0;7 485,83;16.10.2025 - 20.10.2025;0;7 485,83;0
Тошкент шаҳар Янгиҳаёт тумани;186;Тўлов манбаида ушлаб қолинган жисмоний шахсларнинг мол-мулкини ижарага беришдан олинган даромад солиғи;21.10.2025;С перерасчета за 7 м. 2025 г.;21.10.2025;0;0;0;0;3 493 883,17;0;0;0;;0;7 485,83;0
Тошкент шаҳар Янгиҳаёт тумани;186;Тўлов манбаида ушлаб қолинган жисмоний шахсларнинг мол-мулкини ижарага беришдан олинган даромад солиғи;21.10.2025;С перерасчета за 8 м. 2025 г.;21.10.2025;0;0;0;0;3 493 883,17;0;0;0;;0;7 485,83;0
Тошкент шаҳар Янгиҳаёт тумани;186;Тўлов манбаида ушлаб қолинган жисмоний шахсларнинг мол-мулкини ижарага беришдан олинган даромад солиғи;21.10.2025;С перерасчета за 9 м. 2025 г.;21.10.2025;0;0;0;0;3 493 883,17;0;0;0;;0;7 485,83;0
Тошкент шаҳар Янгиҳаёт тумани;186;Тўлов манбаида ушлаб қолинган жисмоний шахсларнинг мол-мулкини ижарага беришдан олинган даромад солиғи;21.10.2025;Нач.часть пени 80%;21.10.2025;0;0;0;0;3 493 883,17;0;0;1 304,38;21.10.2025 - 21.10.2025;0;8 790,21;0
Тошкент шаҳар Янгиҳаёт тумани;186;Тўлов манбаида ушлаб қолинган жисмоний шахсларнинг мол-мулкини ижарага беришдан олинган даромад солиғи;23.10.2025;Пост.сог.Мемор №195 Прочие ;23.10.2025;0;0;5 479 617,34;0;0;1 985 734,17;0;0;;0;8 790,21;0
Тошкент шаҳар Янгиҳаёт тумани;186;Тўлов манбаида ушлаб қолинган жисмоний шахсларнинг мол-мулкини ижарага беришдан олинган даромад солиғи;23.10.2025;Нач.часть пени 80%;23.10.2025;0;0;0;0;0;1 974 335,19;0;2 608,77;22.10.2025 - 23.10.2025;11 398,98;0;0
Тошкент шаҳар Янгиҳаёт тумани;186;Тўлов манбаида ушлаб қолинган жисмоний шахсларнинг мол-мулкини ижарага беришдан олинган даромад солиғи;31.10.2025;Возв.сог.Заключ №6014912001 Возв.сог.ПРОТОК ;24.10.2025;0;0;0;139 233,30;0;1 835 101,89;0;0;;0;0;0
Тошкент шаҳар Янгиҳаёт тумани;186;Тўлов манбаида ушлаб қолинган жисмоний шахсларнинг мол-мулкини ижарага беришдан олинган даромад солиғи;31.10.2025;Возв.сог.Заключ №6014913001 Возв.сог.ПРОТОК ;24.10.2025;0;0;0;231 620,91;0;1 603 480,98;0;0;;0;0;0
Тошкент шаҳар Янгиҳаёт тумани;186;Тўлов манбаида ушлаб қолинган жисмоний шахсларнинг мол-мулкини ижарага беришдан олинган даромад солиғи;31.10.2025;Возв.сог.Заключ №6014914001 Возв.сог.ПРОТОК ;24.10.2025;0;0;0;249 074,09;0;1 354 406,89;0;0;;0;0;0
Тошкент шаҳар Янгиҳаёт тумани;186;Тўлов манбаида ушлаб қолинган жисмоний шахсларнинг мол-мулкини ижарага беришдан олинган даромад солиғи;31.10.2025;Возв.сог.Заключ №6014915001 Возв.сог.ПРОТОК ;24.10.2025;0;0;0;79 470,65;0;1 274 936,24;0;0;;0;0;0
Тошкент шаҳар Янгиҳаёт тумани;186;Тўлов манбаида ушлаб қолинган жисмоний шахсларнинг мол-мулкини ижарага беришдан олинган даромад солиғи;31.10.2025;Возв.сог.Заключ №6014916001 Возв.сог.ПРОТОК ;24.10.2025;0;0;0;3 173,18;0;1 271 763,06;0;0;;0;0;0
Тошкент шаҳар Янгиҳаёт тумани;186;Тўлов манбаида ушлаб қолинган жисмоний шахсларнинг мол-мулкини ижарага беришдан олинган даромад солиғи;31.10.2025;Возв.сог.Заключ №6014917001 Возв.сог.ПРОТОК ;24.10.2025;0;0;0;168 038,45;0;1 103 724,61;0;0;;0;0;0
Тошкент шаҳар Янгиҳаёт тумани;186;Тўлов манбаида ушлаб қолинган жисмоний шахсларнинг мол-мулкини ижарага беришдан олинган даромад солиғи;05.11.2025;Возв.сог.Заключ №6350249001 Возв.сог.ПРОТОК ;05.11.2025;0;0;0;1 815,98;0;1 101 908,63;0;0;;0;0;0
Тошкент шаҳар Янгиҳаёт тумани;186;Тўлов манбаида ушлаб қолинган жисмоний шахсларнинг мол-мулкини ижарага беришдан олинган даромад солиғи;11.11.2025;Пост.сог.Мемор №207 Прочие ;11.11.2025;0;0;60 000 000,00;0;0;61 101 908,63;0;0;;0;0;0
Тошкент шаҳар Янгиҳаёт тумани;186;Тўлов манбаида ушлаб қолинган жисмоний шахсларнинг мол-мулкини ижарага беришдан олинган даромад солиғи;11.11.2025;С расчета за 10 м.;17.11.2025;6 000 000,00;0;0;0;0;55 101 908,63;0;0;;0;0;55 101 908,63
Тошкент шаҳар Янгиҳаёт тумани;186;Тўлов манбаида ушлаб қолинган жисмоний шахсларнинг мол-мулкини ижарага беришдан олинган даромад солиғи;04.12.2025;Возв.сог.Заключ №7525261001 Возв.сог.ПРОТОК ;03.12.2025;0;0;0;318 060,00;0;54 783 848,63;0;0;;0;0;54 783 848,63
Тошкент шаҳар Янгиҳаёт тумани;186;Тўлов манбаида ушлаб қолинган жисмоний шахсларнинг мол-мулкини ижарага беришдан олинган даромад солиғи;04.12.2025;Возв.сог.Заключ №7525261002 Возв.сог.ПРОТОК ;03.12.2025;0;0;0;392 816,64;0;54 391 031,99;0;0;;0;0;54 391 031,99
Тошкент шаҳар Янгиҳаёт тумани;186;Тўлов манбаида ушлаб қолинган жисмоний шахсларнинг мол-мулкини ижарага беришдан олинган даромад солиғи;04.12.2025;Возв.сог.Заключ №7525261003 Возв.сог.ПРОТОК ;03.12.2025;0;0;0;334 800,00;0;54 056 231,99;0;0;;0;0;54 056 231,99
Тошкент шаҳар Янгиҳаёт тумани;186;Тўлов манбаида ушлаб қолинган жисмоний шахсларнинг мол-мулкини ижарага беришдан олинган даромад солиғи;04.12.2025;Возв.сог.Заключ №7525261004 Возв.сог.ПРОТОК ;03.12.2025;0;0;0;3 799 278,00;0;50 256 953,99;0;0;;0;0;50 256 953,99
Тошкент шаҳар Янгиҳаёт тумани;186;Тўлов манбаида ушлаб қолинган жисмоний шахсларнинг мол-мулкини ижарага беришдан олинган даромад солиғи;04.12.2025;Возв.сог.Заключ №7525261005 Возв.сог.ПРОТОК ;03.12.2025;0;0;0;1 135 536,27;0;49 121 417,72;0;0;;0;0;49 121 417,72
Тошкент шаҳар Янгиҳаёт тумани;186;Тўлов манбаида ушлаб қолинган жисмоний шахсларнинг мол-мулкини ижарага беришдан олинган даромад солиғи;04.12.2025;Возв.сог.Заключ №7525261006 Возв.сог.ПРОТОК ;03.12.2025;0;0;0;1 367,26;0;49 120 050,46;0;0;;0;0;49 120 050,46
Тошкент шаҳар Янгиҳаёт тумани;186;Тўлов манбаида ушлаб қолинган жисмоний шахсларнинг мол-мулкини ижарага беришдан олинган даромад солиғи;04.12.2025;Возв.сог.Заключ №7525261007 Возв.сог.ПРОТОК ;03.12.2025;0;0;0;4 056 000,00;0;45 064 050,46;0;0;;0;0;45 064 050,46
Тошкент шаҳар Янгиҳаёт тумани;186;Тўлов манбаида ушлаб қолинган жисмоний шахсларнинг мол-мулкини ижарага беришдан олинган даромад солиғи;04.12.2025;Возв.сог.Заключ №7525261008 Возв.сог.ПРОТОК ;03.12.2025;0;0;0;665 280,00;0;44 398 770,46;0;0;;0;0;44 398 770,46
Тошкент шаҳар Янгиҳаёт тумани;186;Тўлов манбаида ушлаб қолинган жисмоний шахсларнинг мол-мулкини ижарага беришдан олинган даромад солиғи;04.12.2025;Возв.сог.Заключ №7525261009 Возв.сог.ПРОТОК ;03.12.2025;0;0;0;2 292 000,00;0;42 106 770,46;0;0;;0;0;42 106 770,46
Тошкент шаҳар Янгиҳаёт тумани;186;Тўлов манбаида ушлаб қолинган жисмоний шахсларнинг мол-мулкини ижарага беришдан олинган даромад солиғи;05.12.2025;Возв.сог.Заключ №7525261010 Возв.сог.ПРОТОК ;03.12.2025;0;0;0;15 476 191,18;0;26 630 579,28;0;0;;0;0;26 630 579,28
Тошкент шаҳар Янгиҳаёт тумани;186;Тўлов манбаида ушлаб қолинган жисмоний шахсларнинг мол-мулкини ижарага беришдан олинган даромад солиғи;05.12.2025;Возв.сог.Заключ №7525261011 Возв.сог.ПРОТОК ;03.12.2025;0;0;0;280 800,00;0;26 349 779,28;0;0;;0;0;26 349 779,28
Тошкент шаҳар Янгиҳаёт тумани;186;Тўлов манбаида ушлаб қолинган жисмоний шахсларнинг мол-мулкини ижарага беришдан олинган даромад солиғи;05.12.2025;Возв.сог.Заключ №7525261012 Возв.сог.ПРОТОК ;03.12.2025;0;0;0;851 413,23;0;25 498 366,05;0;0;;0;0;25 498 366,05
Тошкент шаҳар Янгиҳаёт тумани;186;Тўлов манбаида ушлаб қолинган жисмоний шахсларнинг мол-мулкини ижарага беришдан олинган даромад солиғи;05.12.2025;Возв.сог.Заключ №7525261013 Возв.сог.ПРОТОК ;03.12.2025;0;0;0;240 000,00;0;25 258 366,05;0;0;;0;0;25 258 366,05
Тошкент шаҳар Янгиҳаёт тумани;186;Тўлов манбаида ушлаб қолинган жисмоний шахсларнинг мол-мулкини ижарага беришдан олинган даромад солиғи;05.12.2025;Возв.сог.Заключ №7525261014 Возв.сог.ПРОТОК ;03.12.2025;0;0;0;63 021,43;0;25 195 344,62;0;0;;0;0;25 195 344,62
Тошкент шаҳар Янгиҳаёт тумани;186;Тўлов манбаида ушлаб қолинган жисмоний шахсларнинг мол-мулкини ижарага беришдан олинган даромад солиғи;05.12.2025;Возв.сог.Заключ №7525261015 Возв.сог.ПРОТОК ;03.12.2025;0;0;0;10 308 000,00;0;14 887 344,62;0;0;;0;0;14 887 344,62
Тошкент шаҳар Янгиҳаёт тумани;186;Тўлов манбаида ушлаб қолинган жисмоний шахсларнинг мол-мулкини ижарага беришдан олинган даромад солиғи;05.12.2025;Возв.сог.Заключ №7525261016 Возв.сог.ПРОТОК ;03.12.2025;0;0;0;741 765,09;0;14 145 579,53;0;0;;0;0;14 145 579,53
Тошкент шаҳар Янгиҳаёт тумани;186;Тўлов манбаида ушлаб қолинган жисмоний шахсларнинг мол-мулкини ижарага беришдан олинган даромад солиғи;05.12.2025;Возв.сог.Заключ №7525261017 Возв.сог.ПРОТОК ;03.12.2025;0;0;0;155 773,30;0;13 989 806,23;0;0;;0;0;13 989 806,23
Тошкент шаҳар Янгиҳаёт тумани;186;Тўлов манбаида ушлаб қолинган жисмоний шахсларнинг мол-мулкини ижарага беришдан олинган даромад солиғи;05.12.2025;Возв.сог.Заключ №7525261018 Возв.сог.ПРОТОК ;03.12.2025;0;0;0;1 730 724,00;0;12 259 082,23;0;0;;0;0;12 259 082,23
Тошкент шаҳар Янгиҳаёт тумани;186;Тўлов манбаида ушлаб қолинган жисмоний шахсларнинг мол-мулкини ижарага беришдан олинган даромад солиғи;05.12.2025;Возв.сог.Заключ №7525261019 Возв.сог.ПРОТОК ;03.12.2025;0;0;0;1 536 000,00;0;10 723 082,23;0;0;;0;0;10 723 082,23
Тошкент шаҳар Янгиҳаёт тумани;186;Тўлов манбаида ушлаб қолинган жисмоний шахсларнинг мол-мулкини ижарага беришдан олинган даромад солиғи;05.12.2025;Возв.сог.Заключ №7525261020 Возв.сог.ПРОТОК ;03.12.2025;0;0;0;1 090 080,00;0;9 633 002,23;0;0;;0;0;9 633 002,23
Тошкент шаҳар Янгиҳаёт тумани;186;Тўлов манбаида ушлаб қолинган жисмоний шахсларнинг мол-мулкини ижарага беришдан олинган даромад солиғи;05.12.2025;Возв.сог.Заключ №7525261021 Возв.сог.ПРОТОК ;03.12.2025;0;0;0;574 800,00;0;9 058 202,23;0;0;;0;0;9 058 202,23
Тошкент шаҳар Янгиҳаёт тумани;186;Тўлов манбаида ушлаб қолинган жисмоний шахсларнинг мол-мулкини ижарага беришдан олинган даромад солиғи;05.12.2025;Возв.сог.Заключ №7525261022 Возв.сог.ПРОТОК ;03.12.2025;0;0;0;1 350 000,00;0;7 708 202,23;0;0;;0;0;7 708 202,23
Тошкент шаҳар Янгиҳаёт тумани;186;Тўлов манбаида ушлаб қолинган жисмоний шахсларнинг мол-мулкини ижарага беришдан олинган даромад солиғи;05.12.2025;Возв.сог.Заключ №7525261023 Возв.сог.ПРОТОК ;03.12.2025;0;0;0;693 600,00;0;7 014 602,23;0;0;;0;0;7 014 602,23
Тошкент шаҳар Янгиҳаёт тумани;186;Тўлов манбаида ушлаб қолинган жисмоний шахсларнинг мол-мулкини ижарага беришдан олинган даромад солиғи;09.12.2025;Возв.сог.Заключ №7525261028 Возв.сог.ПРОТОК ;03.12.2025;0;0;0;175 000,00;0;6 839 602,23;0;0;;0;0;6 839 602,23
Тошкент шаҳар Янгиҳаёт тумани;186;Тўлов манбаида ушлаб қолинган жисмоний шахсларнинг мол-мулкини ижарага беришдан олинган даромад солиғи;09.12.2025;Возв.сог.Заключ №7525261025 Возв.сог.ПРОТОК ;03.12.2025;0;0;0;383 040,00;0;6 456 562,23;0;0;;0;0;6 456 562,23
Тошкент шаҳар Янгиҳаёт тумани;186;Тўлов манбаида ушлаб қолинган жисмоний шахсларнинг мол-мулкини ижарага беришдан олинган даромад солиғи;09.12.2025;Возв.сог.Заключ №7525261027 Возв.сог.ПРОТОК ;03.12.2025;0;0;0;204 600,00;0;6 251 962,23;0;0;;0;0;6 251 962,23
Тошкент шаҳар Янгиҳаёт тумани;186;Тўлов манбаида ушлаб қолинган жисмоний шахсларнинг мол-мулкини ижарага беришдан олинган даромад солиғи;09.12.2025;Возв.сог.Заключ №7525261024 Возв.сог.ПРОТОК ;03.12.2025;0;0;0;49 538,10;0;6 202 424,13;0;0;;0;0;6 202 424,13
Тошкент шаҳар Янгиҳаёт тумани;186;Тўлов манбаида ушлаб қолинган жисмоний шахсларнинг мол-мулкини ижарага беришдан олинган даромад солиғи;09.12.2025;Возв.сог.Заключ №7525261026 Возв.сог.ПРОТОК ;03.12.2025;0;0;0;349 920,00;0;5 852 504,13;0;0;;0;0;5 852 504,13
Тошкент шаҳар Янгиҳаёт тумани;186;Тўлов манбаида ушлаб қолинган жисмоний шахсларнинг мол-мулкини ижарага беришдан олинган даромад солиғи;09.12.2025;Возв.сог.Заключ №7525261029 Возв.сог.ПРОТОК ;03.12.2025;0;0;0;709 280,95;0;5 143 223,18;0;0;;0;0;5 143 223,18
Тошкент шаҳар Янгиҳаёт тумани;186;Тўлов манбаида ушлаб қолинган жисмоний шахсларнинг мол-мулкини ижарага беришдан олинган даромад солиғи;10.12.2025;Пост.сог.Мемор №226 Прочие ;10.12.2025;0;0;1 000 000,00;0;0;6 143 223,18;0;0;;0;0;5 143 223,18
Тошкент шаҳар Янгиҳаёт тумани;186;Тўлов манбаида ушлаб қолинган жисмоний шахсларнинг мол-мулкини ижарага беришдан олинган даромад солиғи;15.12.2025;С расчета за 11 м.;15.12.2025;6 000 000,00;0;0;0;0;143 223,18;0;0;;0;0;143 223,18
Тошкент шаҳар Янгиҳаёт тумани;186;Тўлов манбаида ушлаб қолинган жисмоний шахсларнинг мол-мулкини ижарага беришдан олинган даромад солиғи;31.12.2025;Сальдо на 31.12.2025 г.;31.12.2025;72 000 000,00;0;132 936 886,12;56 925 313,71;0;143 223,18;0;120 515,83;01.01.2025 - 31.12.2025;140 645,43;0;143 223,18
Тошкент шаҳар Янгиҳаёт тумани;191;ИНПС пеня;;Сальдо на;01.01.2025;0;0;0;0;0;0;0;0;;0;6 340,12;0
Тошкент шаҳар Янгиҳаёт тумани;191;ИНПС пеня;15.01.2025;Нач. 100% пени по коду: 101;15.01.2025;0;0;0;0;0;0;0;1 219,24;02.01.2025 - 15.01.2025;0;7 559,36;0
Тошкент шаҳар Янгиҳаёт тумани;191;ИНПС пеня;27.05.2025;Пост.сог.Мемор №114 Прочие ;27.05.2025;0;0;8 000,00;0;0;440,64;0;0;;7 559,36;0;0
Тошкент шаҳар Янгиҳаёт тумани;191;ИНПС пеня;24.06.2025;Пост.сог.Заключ №4414019001 Прочие ;24.06.2025;0;0;520,04;0;0;960,68;0;0;;0;0;0
Тошкент шаҳар Янгиҳаёт тумани;191;ИНПС пеня;26.06.2025;Пост.сог.Заключ №4453338001 Прочие ;26.06.2025;0;0;240,17;0;0;1 200,85;0;0;;0;0;0
Тошкент шаҳар Янгиҳаёт тумани;191;ИНПС пеня;27.06.2025;Пост.сог.Заключ №4499595001 Прочие ;27.06.2025;0;0;120,09;0;0;1 320,94;0;0;;0;0;0
Тошкент шаҳар Янгиҳаёт тумани;191;ИНПС пеня;22.08.2025;Пост.сог.Мемор №893129712 Прочие ;22.08.2025;0;0;7 078,71;0;0;8 399,65;0;0;;0;0;0
Тошкент шаҳар Янгиҳаёт тумани;191;ИНПС пеня;10.09.2025;Нач. 100% пени по коду: 101;10.09.2025;0;0;0;0;0;6 418,28;0;1 981,37;16.08.2025 - 10.09.2025;1 981,37;0;6 418,28
Тошкент шаҳар Янгиҳаёт тумани;191;ИНПС пеня;15.09.2025;Пост.сог.Заключ №5362177001 Прочие ;15.09.2025;0;0;4 438,01;0;0;10 856,29;0;0;;0;0;6 418,28
Тошкент шаҳар Янгиҳаёт тумани;191;ИНПС пеня;21.10.2025;Нач. пени по перерас. 100%(код:101);21.10.2025;0;0;0;0;0;10 808,27;0;48,02;;48,02;0;10 808,27
Тошкент шаҳар Янгиҳаёт тумани;191;ИНПС пеня;31.10.2025;Пост.сог.Заключ №6014916001 Прочие ;24.10.2025;0;0;3 173,18;0;0;13 981,45;0;0;;0;0;10 808,27
Тошкент шаҳар Янгиҳаёт тумани;191;ИНПС пеня;05.11.2025;Пост.сог.Заключ №6350249001 Прочие ;05.11.2025;0;0;1 815,98;0;0;15 797,43;0;0;;0;0;10 808,27
Тошкент шаҳар Янгиҳаёт тумани;191;ИНПС пеня;26.11.2025;Пост.сог.Заключ №7317239001 Прочие ;25.11.2025;0;0;1 210,65;0;0;17 008,08;0;0;;0;0;10 808,27
Тошкент шаҳар Янгиҳаёт тумани;191;ИНПС пеня;31.12.2025;Сальдо на 31.12.2025 г.;31.12.2025;0;0;26 596,83;0;0;17 008,08;0;3 248,63;01.01.2025 - 31.12.2025;9 588,75;0;10 808,27
Тошкент шаҳар Янгиҳаёт тумани;199;СОРЖ га ундириладиган 40% пеня;;Сальдо на;01.01.2025;0;0;0;0;0;0;0;0;;0;4 524 863,43;0
Тошкент шаҳар Янгиҳаёт тумани;199;СОРЖ га ундириладиган 40% пеня;03.01.2025;Нач. 20% пени по коду: 1;03.01.2025;0;0;0;0;0;0;0;31 111,05;02.01.2025 - 03.01.2025;0;4 555 974,48;0
Тошкент шаҳар Янгиҳаёт тумани;199;СОРЖ га ундириладиган 40% пеня;03.01.2025;Нач. 20% пени по коду: 36;03.01.2025;0;0;0;0;0;0;0;4 687,60;02.01.2025 - 03.01.2025;0;4 560 662,08;0
Тошкент шаҳар Янгиҳаёт тумани;199;СОРЖ га ундириладиган 40% пеня;03.01.2025;Нач. 20% пени по коду: 46;03.01.2025;0;0;0;0;0;0;0;4 637,71;02.01.2025 - 03.01.2025;0;4 565 299,79;0
Тошкент шаҳар Янгиҳаёт тумани;199;СОРЖ га ундириладиган 40% пеня;13.01.2025;Пост.сог.Мемор №672133909 Прочие ;13.01.2025;0;0;63 787,51;0;0;63 787,51;0;0;;0;4 565 299,79;0
Тошкент шаҳар Янгиҳаёт тумани;199;СОРЖ га ундириладиган 40% пеня;13.01.2025;Пост.сог.Мемор №657038853 Прочие ;13.01.2025;0;0;11 158,48;0;0;74 945,99;0;0;;0;4 565 299,79;0
Тошкент шаҳар Янгиҳаёт тумани;199;СОРЖ га ундириладиган 40% пеня;13.01.2025;Пост.сог.Мемор №669011187 Прочие ;13.01.2025;0;0;96 558,15;0;0;171 504,14;0;0;;0;4 565 299,79;0
Тошкент шаҳар Янгиҳаёт тумани;199;СОРЖ га ундириладиган 40% пеня;13.01.2025;Пост.сог.Мемор №686002713 Прочие ;13.01.2025;0;0;4 923 313,79;0;0;5 094 817,93;0;0;;0;4 565 299,79;0
Тошкент шаҳар Янгиҳаёт тумани;199;СОРЖ га ундириладиган 40% пеня;13.01.2025;Нач. 20% пени по коду: 1;13.01.2025;0;0;0;0;0;5 094 817,93;0;154 050,40;04.01.2025 - 13.01.2025;0;4 719 350,19;0
Тошкент шаҳар Янгиҳаёт тумани;199;СОРЖ га ундириладиган 40% пеня;13.01.2025;Нач. 20% пени по коду: 32;13.01.2025;0;0;0;0;0;5 094 817,93;0;463 752,46;02.01.2025 - 13.01.2025;0;5 183 102,65;0
Тошкент шаҳар Янгиҳаёт тумани;199;СОРЖ га ундириладиган 40% пеня;13.01.2025;Нач. 20% пени по коду: 36;13.01.2025;0;0;0;0;0;5 094 817,93;0;23 363,57;04.01.2025 - 13.01.2025;0;5 206 466,22;0
Тошкент шаҳар Янгиҳаёт тумани;199;СОРЖ га ундириладиган 40% пеня;13.01.2025;Нач. 20% пени по коду: 46;13.01.2025;0;0;0;0;0;5 094 817,93;0;23 114,76;04.01.2025 - 13.01.2025;0;5 229 580,98;0
Тошкент шаҳар Янгиҳаёт тумани;199;СОРЖ га ундириладиган 40% пеня;13.01.2025;Нач. 20% пени по коду: 186;13.01.2025;0;0;0;0;0;0;0;4 025,92;02.01.2025 - 13.01.2025;5 094 817,93;138 788,97;0
Тошкент шаҳар Янгиҳаёт тумани;199;СОРЖ га ундириладиган 40% пеня;22.01.2025;Пост.сог.Мемор №697148661 Прочие ;22.01.2025;0;0;128 261,15;0;0;128 261,15;0;0;;0;138 788,97;0
Тошкент шаҳар Янгиҳаёт тумани;199;СОРЖ га ундириладиган 40% пеня;22.01.2025;Нач. 20% пени по коду: 1;22.01.2025;0;0;0;0;0;0;0;10 599,76;21.01.2025 - 22.01.2025;128 261,15;21 127,58;0
Тошкент шаҳар Янгиҳаёт тумани;199;СОРЖ га ундириладиган 40% пеня;18.02.2025;Нач. 20% пени по коду: 36;18.02.2025;0;0;0;0;0;0;0;2 565,98;18.02.2025 - 18.02.2025;0;23 693,56;0
Тошкент шаҳар Янгиҳаёт тумани;199;СОРЖ га ундириладиган 40% пеня;18.02.2025;Нач. 20% пени по коду: 46;18.02.2025;0;0;0;0;0;0;0;2 473,08;18.02.2025 - 18.02.2025;0;26 166,64;0
Тошкент шаҳар Янгиҳаёт тумани;199;СОРЖ га ундириладиган 40% пеня;18.02.2025;Нач. 20% пени по коду: 186;18.02.2025;0;0;0;0;0;0;0;541,09;18.02.2025 - 18.02.2025;0;26 707,73;0
Тошкент шаҳар Янгиҳаёт тумани;199;СОРЖ га ундириладиган 40% пеня;19.02.2025;Умен. пени по перерас. 20%(код:32);19.02.2025;0;0;0;0;0;0;0;-4 340 276,40;;0;-4 313 568,67;0
Тошкент шаҳар Янгиҳаёт тумани;199;СОРЖ га ундириладиган 40% пеня;19.02.2025;Зачет излишне уплаченных сумм пени;19.02.2025;0;0;0;0;0;4 313 568,67;0;0;;0;0;0
Тошкент шаҳар Янгиҳаёт тумани;199;СОРЖ га ундириладиган 40% пеня;21.02.2025;Нач. 20% пени по коду: 36;21.02.2025;0;0;0;0;0;4 313 568,67;0;7 306,99;19.02.2025 - 21.02.2025;0;7 306,99;0
Тошкент шаҳар Янгиҳаёт тумани;199;СОРЖ га ундириладиган 40% пеня;21.02.2025;Нач. 20% пени по коду: 46;21.02.2025;0;0;0;0;0;4 313 568,67;0;7 032,13;19.02.2025 - 21.02.2025;0;14 339,12;0
Тошкент шаҳар Янгиҳаёт тумани;199;СОРЖ га ундириладиган 40% пеня;21.02.2025;Нач. 20% пени по коду: 186;21.02.2025;0;0;0;0;0;4 297 688,59;0;1 540,96;19.02.2025 - 21.02.2025;15 880,08;0;4 297 688,59
Тошкент шаҳар Янгиҳаёт тумани;199;СОРЖ га ундириладиган 40% пеня;26.02.2025;Нач. 20% пени по коду: 1;26.02.2025;0;0;0;0;0;4 258 989,25;0;38 699,34;21.02.2025 - 26.02.2025;38 699,34;0;4 258 989,25
Тошкент шаҳар Янгиҳаёт тумани;199;СОРЖ га ундириладиган 40% пеня;28.02.2025;Нач. 20% пени по коду: 1;28.02.2025;0;0;0;0;0;4 258 989,25;0;12 899,78;27.02.2025 - 28.02.2025;0;12 899,78;4 258 989,25
Тошкент шаҳар Янгиҳаёт тумани;199;СОРЖ га ундириладиган 40% пеня;28.02.2025;Нач. 20% пени по коду: 36;28.02.2025;0;0;0;0;0;4 258 989,25;0;16 010,41;22.02.2025 - 28.02.2025;0;28 910,19;4 258 989,25
Тошкент шаҳар Янгиҳаёт тумани;199;СОРЖ га ундириладиган 40% пеня;28.02.2025;Нач. 20% пени по коду: 46;28.02.2025;0;0;0;0;0;4 258 989,25;0;15 379,27;22.02.2025 - 28.02.2025;0;44 289,46;4 258 989,25
Тошкент шаҳар Янгиҳаёт тумани;199;СОРЖ га ундириладиган 40% пеня;28.02.2025;Нач. 20% пени по коду: 186;28.02.2025;0;0;0;0;0;4 214 077,47;0;622,32;22.02.2025 - 28.02.2025;44 911,78;0;4 214 077,47
Тошкент шаҳар Янгиҳаёт тумани;199;СОРЖ га ундириладиган 40% пеня;03.03.2025;Нач. 20% пени по коду: 1;03.03.2025;0;0;0;0;0;4 194 799,85;0;19 277,62;01.03.2025 - 03.03.2025;19 277,62;0;4 194 799,85
Тошкент шаҳар Янгиҳаёт тумани;199;СОРЖ га ундириладиган 40% пеня;07.03.2025;Нач. 20% пени по коду: 1;07.03.2025;0;0;0;0;0;4 194 799,85;0;25 703,49;04.03.2025 - 07.03.2025;0;25 703,49;4 194 799,85
Тошкент шаҳар Янгиҳаёт тумани;199;СОРЖ га ундириладиган 40% пеня;07.03.2025;Нач. 20% пени по коду: 36;07.03.2025;0;0;0;0;0;4 194 799,85;0;15 737,22;01.03.2025 - 07.03.2025;0;41 440,71;4 194 799,85
Тошкент шаҳар Янгиҳаёт тумани;199;СОРЖ га ундириладиган 40% пеня;07.03.2025;Нач. 20% пени по коду: 46;07.03.2025;0;0;0;0;0;4 194 799,85;0;15 108,77;01.03.2025 - 07.03.2025;0;56 549,48;4 194 799,85
Тошкент шаҳар Янгиҳаёт тумани;199;СОРЖ га ундириладиган 40% пеня;07.03.2025;Нач. 20% пени по коду: 186;07.03.2025;0;0;0;0;0;4 138 242,76;0;7,61;01.03.2025 - 07.03.2025;56 557,09;0;4 138 242,76
Тошкент шаҳар Янгиҳаёт тумани;199;СОРЖ га ундириладиган 40% пеня;17.03.2025;Нач. 20% пени по коду: 36;17.03.2025;0;0;0;0;0;4 138 232,96;0;9,80;08.03.2025 - 17.03.2025;9,80;0;4 138 232,96
Тошкент шаҳар Янгиҳаёт тумани;199;СОРЖ га ундириладиган 40% пеня;18.03.2025;Нач. 20% пени по коду: 36;18.03.2025;0;0;0;0;0;4 138 232,96;0;2 466,17;18.03.2025 - 18.03.2025;0;2 466,17;4 138 232,96
Тошкент шаҳар Янгиҳаёт тумани;199;СОРЖ га ундириладиган 40% пеня;18.03.2025;Нач. 20% пени по коду: 46;18.03.2025;0;0;0;0;0;4 138 232,96;0;2 392,32;18.03.2025 - 18.03.2025;0;4 858,49;4 138 232,96
Тошкент шаҳар Янгиҳаёт тумани;199;СОРЖ га ундириладиган 40% пеня;18.03.2025;Нач. 20% пени по коду: 186;18.03.2025;0;0;0;0;0;4 132 834,47;0;540;18.03.2025 - 18.03.2025;5 398,49;0;4 132 834,47
Тошкент шаҳар Янгиҳаёт тумани;199;СОРЖ га ундириладиган 40% пеня;16.04.2025;Нач. 20% пени по коду: 36;16.04.2025;0;0;0;0;0;4 132 834,47;0;2 138,26;16.04.2025 - 16.04.2025;0;2 138,26;4 132 834,47
Тошкент шаҳар Янгиҳаёт тумани;199;СОРЖ га ундириладиган 40% пеня;16.04.2025;Нач. 20% пени по коду: 46;16.04.2025;0;0;0;0;0;4 128 878,77;0;1 817,44;16.04.2025 - 16.04.2025;3 955,70;0;4 128 878,77
Тошкент шаҳар Янгиҳаёт тумани;199;СОРЖ га ундириладиган 40% пеня;17.04.2025;Нач. 20% пени по коду: 36;17.04.2025;0;0;0;0;0;4 128 878,77;0;2 129,40;17.04.2025 - 17.04.2025;0;2 129,40;4 128 878,77
Тошкент шаҳар Янгиҳаёт тумани;199;СОРЖ га ундириладиган 40% пеня;17.04.2025;Нач. 20% пени по коду: 46;17.04.2025;0;0;0;0;0;4 124 940,71;0;1 808,66;17.04.2025 - 17.04.2025;3 938,06;0;4 124 940,71
Тошкент шаҳар Янгиҳаёт тумани;199;СОРЖ га ундириладиган 40% пеня;22.04.2025;Нач. 20% пени по коду: 1;22.04.2025;0;0;0;0;0;4 113 480,03;0;11 460,68;22.04.2025 - 22.04.2025;11 460,68;0;4 113 480,03
Тошкент шаҳар Янгиҳаёт тумани;199;СОРЖ га ундириладиган 40% пеня;28.04.2025;Нач. 20% пени по коду: 1;28.04.2025;0;0;0;0;0;4 061 578,54;0;51 901,49;23.04.2025 - 28.04.2025;51 901,49;0;4 061 578,54
Тошкент шаҳар Янгиҳаёт тумани;199;СОРЖ га ундириладиган 40% пеня;29.04.2025;Нач. 20% пени по коду: 1;29.04.2025;0;0;0;0;0;4 057 929,28;0;3 649,26;29.04.2025 - 29.04.2025;3 649,26;0;4 057 929,28
Тошкент шаҳар Янгиҳаёт тумани;199;СОРЖ га ундириладиган 40% пеня;02.05.2025;Нач. 20% пени по коду: 1;02.05.2025;0;0;0;0;0;4 048 251,59;0;9 677,69;30.04.2025 - 02.05.2025;9 677,69;0;4 048 251,59
Тошкент шаҳар Янгиҳаёт тумани;199;СОРЖ га ундириладиган 40% пеня;05.05.2025;Нач. 20% пени по коду: 1;05.05.2025;0;0;0;0;0;4 048 251,59;0;4 189,69;03.05.2025 - 05.05.2025;0;4 189,69;4 048 251,59
Тошкент шаҳар Янгиҳаёт тумани;199;СОРЖ га ундириладиган 40% пеня;05.05.2025;Нач. 20% пени по коду: 138;05.05.2025;0;0;0;0;0;4 018 779,21;0;25 282,69;22.04.2025 - 05.05.2025;29 472,38;0;4 018 779,21
Тошкент шаҳар Янгиҳаёт тумани;199;СОРЖ га ундириладиган 40% пеня;14.05.2025;Нач. пени по перерас. 20%(код:32);14.05.2025;0;0;0;0;0;2 479 849,17;0;1 538 930,04;;1 538 930,04;0;2 479 849,17
Тошкент шаҳар Янгиҳаёт тумани;199;СОРЖ га ундириладиган 40% пеня;15.05.2025;Нач. пени по перерас. 20%(код:32);15.05.2025;0;0;0;0;0;2 450 823,43;0;29 025,74;;29 025,74;0;2 450 823,43
Тошкент шаҳар Янгиҳаёт тумани;199;СОРЖ га ундириладиган 40% пеня;19.05.2025;Нач. 20% пени по коду: 32;19.05.2025;0;0;0;0;0;2 445 985,81;0;4 837,62;16.05.2025 - 19.05.2025;4 837,62;0;2 445 985,81
Тошкент шаҳар Янгиҳаёт тумани;199;СОРЖ га ундириладиган 40% пеня;23.06.2025;Нач. 20% пени по коду: 1;23.06.2025;0;0;0;0;0;2 432 053,22;0;13 932,59;21.06.2025 - 23.06.2025;13 932,59;0;2 432 053,22
Тошкент шаҳар Янгиҳаёт тумани;199;СОРЖ га ундириладиган 40% пеня;24.06.2025;Нач. 20% пени по коду: 1;24.06.2025;0;0;0;0;0;2 432 053,22;0;4 575,58;24.06.2025 - 24.06.2025;0;4 575,58;2 432 053,22
Тошкент шаҳар Янгиҳаёт тумани;199;СОРЖ га ундириладиган 40% пеня;24.06.2025;Нач. 20% пени по коду: 138;24.06.2025;0;0;0;0;0;2 399 477,64;0;28 000,00;21.06.2025 - 24.06.2025;32 575,58;0;2 399 477,64
Тошкент шаҳар Янгиҳаёт тумани;199;СОРЖ га ундириладиган 40% пеня;25.06.2025;Нач. 20% пени по коду: 138;25.06.2025;0;0;0;0;0;2 397 119,59;0;2 358,05;25.06.2025 - 25.06.2025;2 358,05;0;2 397 119,59
Тошкент шаҳар Янгиҳаёт тумани;199;СОРЖ га ундириладиган 40% пеня;17.07.2025;Нач. 20% пени по коду: 36;17.07.2025;0;0;0;0;0;2 397 119,59;0;5 454,81;16.07.2025 - 17.07.2025;0;5 454,81;2 397 119,59
Тошкент шаҳар Янгиҳаёт тумани;199;СОРЖ га ундириладиган 40% пеня;17.07.2025;Нач. 20% пени по коду: 46;17.07.2025;0;0;0;0;0;2 397 119,59;0;5 409,36;16.07.2025 - 17.07.2025;0;10 864,17;2 397 119,59
Тошкент шаҳар Янгиҳаёт тумани;199;СОРЖ га ундириладиган 40% пеня;17.07.2025;Нач. 20% пени по коду: 186;17.07.2025;0;0;0;0;0;2 385 139,58;0;1 115,84;16.07.2025 - 17.07.2025;11 980,01;0;2 385 139,58
Тошкент шаҳар Янгиҳаёт тумани;199;СОРЖ га ундириладиган 40% пеня;18.07.2025;Нач. 20% пени по коду: 36;18.07.2025;0;0;0;0;0;2 385 139,58;0;2 402,00;18.07.2025 - 18.07.2025;0;2 402,00;2 385 139,58
Тошкент шаҳар Янгиҳаёт тумани;199;СОРЖ га ундириладиган 40% пеня;18.07.2025;Нач. 20% пени по коду: 46;18.07.2025;0;0;0;0;0;2 385 139,58;0;2 382,05;18.07.2025 - 18.07.2025;0;4 784,05;2 385 139,58
Тошкент шаҳар Янгиҳаёт тумани;199;СОРЖ га ундириладиган 40% пеня;18.07.2025;Нач. 20% пени по коду: 186;18.07.2025;0;0;0;0;0;2 379 864,13;0;491,40;18.07.2025 - 18.07.2025;5 275,45;0;2 379 864,13
Тошкент шаҳар Янгиҳаёт тумани;199;СОРЖ га ундириладиган 40% пеня;21.07.2025;Нач. 20% пени по коду: 36;21.07.2025;0;0;0;0;0;2 379 864,13;0;7 098,12;19.07.2025 - 21.07.2025;0;7 098,12;2 379 864,13
Тошкент шаҳар Янгиҳаёт тумани;199;СОРЖ га ундириладиган 40% пеня;21.07.2025;Нач. 20% пени по коду: 46;21.07.2025;0;0;0;0;0;2 379 864,13;0;7 039,18;19.07.2025 - 21.07.2025;0;14 137,30;2 379 864,13
Тошкент шаҳар Янгиҳаёт тумани;199;СОРЖ га ундириладиган 40% пеня;21.07.2025;Нач. 20% пени по коду: 186;21.07.2025;0;0;0;0;0;2 364 274,68;0;1 452,15;19.07.2025 - 21.07.2025;15 589,45;0;2 364 274,68
Тошкент шаҳар Янгиҳаёт тумани;199;СОРЖ га ундириладиган 40% пеня;22.07.2025;Нач. 20% пени по коду: 1;22.07.2025;0;0;0;0;0;2 351 137,05;0;13 137,63;22.07.2025 - 22.07.2025;13 137,63;0;2 351 137,05
Тошкент шаҳар Янгиҳаёт тумани;199;СОРЖ га ундириладиган 40% пеня;23.07.2025;Нач. 20% пени по коду: 32;23.07.2025;0;0;0;0;0;2 313 165,52;0;37 971,53;22.07.2025 - 23.07.2025;37 971,53;0;2 313 165,52
Тошкент шаҳар Янгиҳаёт тумани;199;СОРЖ га ундириладиган 40% пеня;24.07.2025;Нач. 20% пени по коду: 1;24.07.2025;0;0;0;0;0;2 287 037,20;0;26 128,32;23.07.2025 - 24.07.2025;26 128,32;0;2 287 037,20
Тошкент шаҳар Янгиҳаёт тумани;199;СОРЖ га ундириладиган 40% пеня;28.07.2025;Нач. 20% пени по коду: 1;28.07.2025;0;0;0;0;0;2 237 393,89;0;49 643,31;25.07.2025 - 28.07.2025;49 643,31;0;2 237 393,89
Тошкент шаҳар Янгиҳаёт тумани;199;СОРЖ га ундириладиган 40% пеня;29.07.2025;Нач. 20% пени по коду: 1;29.07.2025;0;0;0;0;0;2 225 716,04;0;11 677,85;29.07.2025 - 29.07.2025;11 677,85;0;2 225 716,04
Тошкент шаҳар Янгиҳаёт тумани;199;СОРЖ га ундириладиган 40% пеня;04.08.2025;Нач. 20% пени по коду: 1;04.08.2025;0;0;0;0;0;2 158 530,92;0;67 185,12;30.07.2025 - 04.08.2025;67 185,12;0;2 158 530,92
Тошкент шаҳар Янгиҳаёт тумани;199;СОРЖ га ундириладиган 40% пеня;05.08.2025;Нач. 20% пени по коду: 1;05.08.2025;0;0;0;0;0;2 158 530,92;0;11 159,89;05.08.2025 - 05.08.2025;0;11 159,89;2 158 530,92
Тошкент шаҳар Янгиҳаёт тумани;199;СОРЖ га ундириладиган 40% пеня;05.08.2025;Нач. 20% пени по коду: 32;05.08.2025;0;0;0;0;0;1 900 556,11;0;246 814,92;24.07.2025 - 05.08.2025;257 974,81;0;1 900 556,11
Тошкент шаҳар Янгиҳаёт тумани;199;СОРЖ га ундириладиган 40% пеня;08.08.2025;Нач. 20% пени по коду: 32;08.08.2025;0;0;0;0;0;1 893 772,06;0;6 784,05;06.08.2025 - 08.08.2025;6 784,05;0;1 893 772,06
Тошкент шаҳар Янгиҳаёт тумани;199;СОРЖ га ундириладиган 40% пеня;12.08.2025;Нач. пени по перерас. 20%(код:32);12.08.2025;0;0;0;0;0;1 893 772,06;0;1 432 290,59;;0;1 432 290,59;1 893 772,06
Тошкент шаҳар Янгиҳаёт тумани;199;СОРЖ га ундириладиган 40% пеня;12.08.2025;Нач. 20% пени по коду: 32;12.08.2025;0;0;0;0;0;457 694,10;0;3 787,37;09.08.2025 - 12.08.2025;1 436 077,96;0;457 694,10
Тошкент шаҳар Янгиҳаёт тумани;199;СОРЖ га ундириладиган 40% пеня;15.08.2025;Нач. 20% пени по коду: 32;15.08.2025;0;0;0;0;0;412 855,76;0;44 838,34;13.08.2025 - 15.08.2025;44 838,34;0;412 855,76
Тошкент шаҳар Янгиҳаёт тумани;199;СОРЖ га ундириладиган 40% пеня;20.08.2025;Нач. 20% пени по коду: 32;20.08.2025;0;0;0;0;0;412 855,76;0;74 313,70;16.08.2025 - 20.08.2025;0;74 313,70;412 855,76
Тошкент шаҳар Янгиҳаёт тумани;199;СОРЖ га ундириладиган 40% пеня;20.08.2025;Нач. 20% пени по коду: 36;20.08.2025;0;0;0;0;0;412 855,76;0;14 670,68;16.08.2025 - 20.08.2025;0;88 984,38;412 855,76
Тошкент шаҳар Янгиҳаёт тумани;199;СОРЖ га ундириладиган 40% пеня;20.08.2025;Нач. 20% пени по коду: 46;20.08.2025;0;0;0;0;0;309 322,96;0;14 548,42;16.08.2025 - 20.08.2025;103 532,80;0;309 322,96
Тошкент шаҳар Янгиҳаёт тумани;199;СОРЖ га ундириладиган 40% пеня;21.08.2025;Нач. 20% пени по коду: 32;21.08.2025;0;0;0;0;0;309 322,96;0;14 826,94;21.08.2025 - 21.08.2025;0;14 826,94;309 322,96
Тошкент шаҳар Янгиҳаёт тумани;199;СОРЖ га ундириладиган 40% пеня;21.08.2025;Нач. 20% пени по коду: 36;21.08.2025;0;0;0;0;0;309 322,96;0;2 931,12;21.08.2025 - 21.08.2025;0;17 758,06;309 322,96
Тошкент шаҳар Янгиҳаёт тумани;199;СОРЖ га ундириладиган 40% пеня;21.08.2025;Нач. 20% пени по коду: 46;21.08.2025;0;0;0;0;0;288 658,21;0;2 906,69;21.08.2025 - 21.08.2025;20 664,75;0;288 658,21
Тошкент шаҳар Янгиҳаёт тумани;199;СОРЖ га ундириладиган 40% пеня;22.08.2025;Нач. 20% пени по коду: 32;22.08.2025;0;0;0;0;0;288 658,21;0;13 436,87;22.08.2025 - 22.08.2025;0;13 436,87;288 658,21
Тошкент шаҳар Янгиҳаёт тумани;199;СОРЖ га ундириладиган 40% пеня;22.08.2025;Нач. 20% пени по коду: 36;22.08.2025;0;0;0;0;0;288 658,21;0;2 807,33;22.08.2025 - 22.08.2025;0;16 244,20;288 658,21
Тошкент шаҳар Янгиҳаёт тумани;199;СОРЖ га ундириладиган 40% пеня;22.08.2025;Нач. 20% пени по коду: 46;22.08.2025;0;0;0;0;0;269 630,09;0;2 783,92;22.08.2025 - 22.08.2025;19 028,12;0;269 630,09
Тошкент шаҳар Янгиҳаёт тумани;199;СОРЖ га ундириладиган 40% пеня;25.08.2025;Нач. 20% пени по коду: 32;25.08.2025;0;0;0;0;0;269 630,09;0;38 793,66;23.08.2025 - 25.08.2025;0;38 793,66;269 630,09
Тошкент шаҳар Янгиҳаёт тумани;199;СОРЖ га ундириладиган 40% пеня;25.08.2025;Нач. 20% пени по коду: 36;25.08.2025;0;0;0;0;0;269 630,09;0;8 275,81;23.08.2025 - 25.08.2025;0;47 069,47;269 630,09
Тошкент шаҳар Янгиҳаёт тумани;199;СОРЖ га ундириладиган 40% пеня;25.08.2025;Нач. 20% пени по коду: 46;25.08.2025;0;0;0;0;0;214 353,84;0;8 206,78;23.08.2025 - 25.08.2025;55 276,25;0;214 353,84
Тошкент шаҳар Янгиҳаёт тумани;199;СОРЖ га ундириладиган 40% пеня;27.08.2025;Нач. 20% пени по коду: 32;27.08.2025;0;0;0;0;0;214 353,84;0;24 253,65;26.08.2025 - 27.08.2025;0;24 253,65;214 353,84
Тошкент шаҳар Янгиҳаёт тумани;199;СОРЖ га ундириладиган 40% пеня;27.08.2025;Нач. 20% пени по коду: 36;27.08.2025;0;0;0;0;0;214 353,84;0;5 362,39;26.08.2025 - 27.08.2025;0;29 616,04;214 353,84
Тошкент шаҳар Янгиҳаёт тумани;199;СОРЖ га ундириладиган 40% пеня;27.08.2025;Нач. 20% пени по коду: 46;27.08.2025;0;0;0;0;0;179 420,15;0;5 317,65;26.08.2025 - 27.08.2025;34 933,69;0;179 420,15
Тошкент шаҳар Янгиҳаёт тумани;199;СОРЖ га ундириладиган 40% пеня;28.08.2025;Нач. 20% пени по коду: 32;28.08.2025;0;0;0;0;0;179 420,15;0;10 862,43;28.08.2025 - 28.08.2025;0;10 862,43;179 420,15
Тошкент шаҳар Янгиҳаёт тумани;199;СОРЖ га ундириладиган 40% пеня;28.08.2025;Нач. 20% пени по коду: 36;28.08.2025;0;0;0;0;0;179 420,15;0;2 559,57;28.08.2025 - 28.08.2025;0;13 422,00;179 420,15
Тошкент шаҳар Янгиҳаёт тумани;199;СОРЖ га ундириладиган 40% пеня;28.08.2025;Нач. 20% пени по коду: 46;28.08.2025;0;0;0;0;0;163 459,95;0;2 538,20;28.08.2025 - 28.08.2025;15 960,20;0;163 459,95
Тошкент шаҳар Янгиҳаёт тумани;199;СОРЖ га ундириладиган 40% пеня;29.08.2025;Нач. 20% пени по коду: 32;29.08.2025;0;0;0;0;0;163 459,95;0;9 448,77;29.08.2025 - 29.08.2025;0;9 448,77;163 459,95
Тошкент шаҳар Янгиҳаёт тумани;199;СОРЖ га ундириладиган 40% пеня;29.08.2025;Нач. 20% пени по коду: 36;29.08.2025;0;0;0;0;0;163 459,95;0;2 423,59;29.08.2025 - 29.08.2025;0;11 872,36;163 459,95
Тошкент шаҳар Янгиҳаёт тумани;199;СОРЖ га ундириладиган 40% пеня;29.08.2025;Нач. 20% пени по коду: 46;29.08.2025;0;0;0;0;0;149 184,25;0;2 403,34;29.08.2025 - 29.08.2025;14 275,70;0;149 184,25
Тошкент шаҳар Янгиҳаёт тумани;199;СОРЖ га ундириладиган 40% пеня;02.09.2025;Нач. 20% пени по коду: 32;02.09.2025;0;0;0;0;0;149 184,25;0;31 153,73;30.08.2025 - 02.09.2025;0;31 153,73;149 184,25
Тошкент шаҳар Янгиҳаёт тумани;199;СОРЖ га ундириладиган 40% пеня;02.09.2025;Нач. 20% пени по коду: 36;02.09.2025;0;0;0;0;0;149 184,25;0;9 055,53;30.08.2025 - 02.09.2025;0;40 209,26;149 184,25
Тошкент шаҳар Янгиҳаёт тумани;199;СОРЖ га ундириладиган 40% пеня;02.09.2025;Нач. 20% пени по коду: 46;02.09.2025;0;0;0;0;0;99 995,21;0;8 979,78;30.08.2025 - 02.09.2025;49 189,04;0;99 995,21
Тошкент шаҳар Янгиҳаёт тумани;199;СОРЖ га ундириладиган 40% пеня;04.09.2025;Нач. 20% пени по коду: 32;04.09.2025;0;0;0;0;0;99 995,21;0;15 506,69;03.09.2025 - 04.09.2025;0;15 506,69;99 995,21
Тошкент шаҳар Янгиҳаёт тумани;199;СОРЖ га ундириладиган 40% пеня;04.09.2025;Нач. 20% пени по коду: 36;04.09.2025;0;0;0;0;0;99 995,21;0;4 521,02;03.09.2025 - 04.09.2025;0;20 027,71;99 995,21
Тошкент шаҳар Янгиҳаёт тумани;199;СОРЖ га ундириладиган 40% пеня;04.09.2025;Нач. 20% пени по коду: 46;04.09.2025;0;0;0;0;0;75 484,31;0;4 483,19;03.09.2025 - 04.09.2025;24 510,90;0;75 484,31
Тошкент шаҳар Янгиҳаёт тумани;199;СОРЖ га ундириладиган 40% пеня;05.09.2025;Нач. 20% пени по коду: 32;05.09.2025;0;0;0;0;0;75 484,31;0;6 646,46;05.09.2025 - 05.09.2025;0;6 646,46;75 484,31
Тошкент шаҳар Янгиҳаёт тумани;199;СОРЖ га ундириладиган 40% пеня;05.09.2025;Нач. 20% пени по коду: 36;05.09.2025;0;0;0;0;0;75 484,31;0;2 154,04;05.09.2025 - 05.09.2025;0;8 800,50;75 484,31
Тошкент шаҳар Янгиҳаёт тумани;199;СОРЖ га ундириладиган 40% пеня;05.09.2025;Нач. 20% пени по коду: 46;05.09.2025;0;0;0;0;0;64 547,81;0;2 136,00;05.09.2025 - 05.09.2025;10 936,50;0;64 547,81
Тошкент шаҳар Янгиҳаёт тумани;199;СОРЖ га ундириладиган 40% пеня;08.09.2025;Нач. 20% пени по коду: 32;08.09.2025;0;0;0;0;0;64 547,81;0;18 693,24;06.09.2025 - 08.09.2025;0;18 693,24;64 547,81
Тошкент шаҳар Янгиҳаёт тумани;199;СОРЖ га ундириладиган 40% пеня;08.09.2025;Нач. 20% пени по коду: 36;08.09.2025;0;0;0;0;0;64 547,81;0;6 342,24;06.09.2025 - 08.09.2025;0;25 035,48;64 547,81
Тошкент шаҳар Янгиҳаёт тумани;199;СОРЖ га ундириладиган 40% пеня;08.09.2025;Нач. 20% пени по коду: 46;08.09.2025;0;0;0;0;0;33 223,21;0;6 289,12;06.09.2025 - 08.09.2025;31 324,60;0;33 223,21
Тошкент шаҳар Янгиҳаёт тумани;199;СОРЖ га ундириладиган 40% пеня;09.09.2025;Нач. 20% пени по коду: 1;09.09.2025;0;0;0;0;0;33 223,21;0;131 585,38;21.08.2025 - 09.09.2025;0;131 585,38;33 223,21
Тошкент шаҳар Янгиҳаёт тумани;199;СОРЖ га ундириладиган 40% пеня;09.09.2025;Нач. 20% пени по коду: 32;09.09.2025;0;0;0;0;0;33 223,21;0;2 993,10;09.09.2025 - 09.09.2025;0;134 578,48;33 223,21
Тошкент шаҳар Янгиҳаёт тумани;199;СОРЖ га ундириладиган 40% пеня;09.09.2025;Нач. 20% пени по коду: 36;09.09.2025;0;0;0;0;0;33 223,21;0;1 802,62;09.09.2025 - 09.09.2025;0;136 381,10;33 223,21
Тошкент шаҳар Янгиҳаёт тумани;199;СОРЖ га ундириладиган 40% пеня;09.09.2025;Нач. 20% пени по коду: 46;09.09.2025;0;0;0;0;0;33 223,21;0;1 787,47;09.09.2025 - 09.09.2025;0;138 168,57;33 223,21
Тошкент шаҳар Янгиҳаёт тумани;199;СОРЖ га ундириладиган 40% пеня;09.09.2025;Нач. 20% пени по коду: 138;09.09.2025;0;0;0;0;0;33 223,21;0;149 333,33;21.08.2025 - 09.09.2025;0;287 501,90;33 223,21
Тошкент шаҳар Янгиҳаёт тумани;199;СОРЖ га ундириладиган 40% пеня;09.09.2025;Нач. 20% пени по коду: 186;09.09.2025;0;0;0;0;0;0;0;14 000,00;16.08.2025 - 09.09.2025;33 223,21;268 278,69;0
Тошкент шаҳар Янгиҳаёт тумани;199;СОРЖ га ундириладиган 40% пеня;15.09.2025;Пост.сог.Мемор №934021563 Прочие ;15.09.2025;0;0;252 450,99;0;0;252 450,99;0;0;;0;268 278,69;0
Тошкент шаҳар Янгиҳаёт тумани;199;СОРЖ га ундириладиган 40% пеня;15.09.2025;Пост.сог.Заключ №5362286001 Прочие ;15.09.2025;0;0;268 278,69;0;0;252 450,99;0;0;;268 278,69;0;0
Тошкент шаҳар Янгиҳаёт тумани;199;СОРЖ га ундириладиган 40% пеня;17.09.2025;Нач. 20% пени по коду: 186;17.09.2025;0;0;0;0;0;251 343,73;0;1 107,26;16.09.2025 - 17.09.2025;1 107,26;0;251 343,73
Тошкент шаҳар Янгиҳаёт тумани;199;СОРЖ га ундириладиган 40% пеня;18.09.2025;Нач. 20% пени по коду: 36;18.09.2025;0;0;0;0;0;251 343,73;0;8 671,67;16.09.2025 - 18.09.2025;0;8 671,67;251 343,73
Тошкент шаҳар Янгиҳаёт тумани;199;СОРЖ га ундириладиган 40% пеня;18.09.2025;Нач. 20% пени по коду: 46;18.09.2025;0;0;0;0;0;251 343,73;0;8 598,82;16.09.2025 - 18.09.2025;0;17 270,49;251 343,73
Тошкент шаҳар Янгиҳаёт тумани;199;СОРЖ га ундириладиган 40% пеня;18.09.2025;Нач. 20% пени по коду: 186;18.09.2025;0;0;0;0;0;233 714,63;0;358,61;18.09.2025 - 18.09.2025;17 629,10;0;233 714,63
Тошкент шаҳар Янгиҳаёт тумани;199;СОРЖ га ундириладиган 40% пеня;19.09.2025;Возв.сог.Заключ №5443087001 Возв.сог.ПРОТОК ;19.09.2025;0;0;0;1 762,74;0;231 951,89;0;0;;0;0;231 951,89
Тошкент шаҳар Янгиҳаёт тумани;199;СОРЖ га ундириладиган 40% пеня;19.09.2025;Возв.сог.Заключ №5443087002 Возв.сог.ПРОТОК ;19.09.2025;0;0;0;218 237,26;0;13 714,63;0;0;;0;0;13 714,63
Тошкент шаҳар Янгиҳаёт тумани;199;СОРЖ га ундириладиган 40% пеня;19.09.2025;Нач. 20% пени по коду: 46;19.09.2025;0;0;0;0;0;10 869,23;0;2 845,40;19.09.2025 - 19.09.2025;2 845,40;0;10 869,23
Тошкент шаҳар Янгиҳаёт тумани;199;СОРЖ га ундириладиган 40% пеня;22.09.2025;Нач. 20% пени по коду: 36;22.09.2025;0;0;0;0;0;10 869,23;0;11 477,91;19.09.2025 - 22.09.2025;0;11 477,91;10 869,23
Тошкент шаҳар Янгиҳаёт тумани;199;СОРЖ га ундириладиган 40% пеня;22.09.2025;Нач. 20% пени по коду: 46;22.09.2025;0;0;0;0;0;10 869,23;0;8 474,59;20.09.2025 - 22.09.2025;0;19 952,50;10 869,23
Тошкент шаҳар Янгиҳаёт тумани;199;СОРЖ га ундириладиган 40% пеня;22.09.2025;Нач. 20% пени по коду: 186;22.09.2025;0;0;0;0;0;0;0;1 418,27;19.09.2025 - 22.09.2025;10 869,23;10 501,54;0
Тошкент шаҳар Янгиҳаёт тумани;199;СОРЖ га ундириладиган 40% пеня;24.09.2025;Нач. 20% пени по коду: 1;24.09.2025;0;0;0;0;0;0;0;10 560,12;23.09.2025 - 24.09.2025;0;21 061,66;0
Тошкент шаҳар Янгиҳаёт тумани;199;СОРЖ га ундириладиган 40% пеня;24.09.2025;Нач. 20% пени по коду: 36;24.09.2025;0;0;0;0;0;0;0;5 268,10;23.09.2025 - 24.09.2025;0;26 329,76;0
Тошкент шаҳар Янгиҳаёт тумани;199;СОРЖ га ундириладиган 40% пеня;24.09.2025;Нач. 20% пени по коду: 46;24.09.2025;0;0;0;0;0;0;0;5 183,39;23.09.2025 - 24.09.2025;0;31 513,15;0
Тошкент шаҳар Янгиҳаёт тумани;199;СОРЖ га ундириладиган 40% пеня;24.09.2025;Нач. 20% пени по коду: 186;24.09.2025;0;0;0;0;0;0;0;57,79;23.09.2025 - 24.09.2025;0;31 570,94;0
Тошкент шаҳар Янгиҳаёт тумани;199;СОРЖ га ундириладиган 40% пеня;09.10.2025;Пост.сог.Заключ №5783535001 Прочие ;08.10.2025;0;0;31 570,94;0;0;0;0;0;;31 570,94;0;0
Тошкент шаҳар Янгиҳаёт тумани;199;СОРЖ га ундириладиган 40% пеня;09.10.2025;Пост.сог.Заключ №5830632001 Прочие ;09.10.2025;0;0;31 570,94;0;0;31 570,94;0;0;;0;0;0
Тошкент шаҳар Янгиҳаёт тумани;199;СОРЖ га ундириладиган 40% пеня;20.10.2025;Нач. 20% пени по коду: 36;20.10.2025;0;0;0;0;0;31 570,94;0;15 293,79;16.10.2025 - 20.10.2025;0;15 293,79;0
Тошкент шаҳар Янгиҳаёт тумани;199;СОРЖ га ундириладиган 40% пеня;20.10.2025;Нач. 20% пени по коду: 46;20.10.2025;0;0;0;0;0;31 570,94;0;15 194,08;16.10.2025 - 20.10.2025;0;30 487,87;0
Тошкент шаҳар Янгиҳаёт тумани;199;СОРЖ га ундириладиган 40% пеня;20.10.2025;Нач. 20% пени по коду: 186;20.10.2025;0;0;0;0;0;0;0;1 871,46;16.10.2025 - 20.10.2025;31 570,94;788,39;0
Тошкент шаҳар Янгиҳаёт тумани;199;СОРЖ га ундириладиган 40% пеня;21.10.2025;Нач. пени по перерас. 20%(код:36);21.10.2025;0;0;0;0;0;0;0;1 164,70;;0;1 953,09;0
Тошкент шаҳар Янгиҳаёт тумани;199;СОРЖ га ундириладиган 40% пеня;21.10.2025;Нач. пени по перерас. 20%(код:46);21.10.2025;0;0;0;0;0;0;0;932,93;;0;2 886,02;0
Тошкент шаҳар Янгиҳаёт тумани;199;СОРЖ га ундириладиган 40% пеня;21.10.2025;Нач. 20% пени по коду: 36;21.10.2025;0;0;0;0;0;0;0;3 055,68;21.10.2025 - 21.10.2025;0;5 941,70;0
Тошкент шаҳар Янгиҳаёт тумани;199;СОРЖ га ундириладиган 40% пеня;21.10.2025;Нач. 20% пени по коду: 46;21.10.2025;0;0;0;0;0;0;0;3 035,74;21.10.2025 - 21.10.2025;0;8 977,44;0
Тошкент шаҳар Янгиҳаёт тумани;199;СОРЖ га ундириладиган 40% пеня;21.10.2025;Нач. 20% пени по коду: 186;21.10.2025;0;0;0;0;0;0;0;326,10;21.10.2025 - 21.10.2025;0;9 303,54;0
Тошкент шаҳар Янгиҳаёт тумани;199;СОРЖ га ундириладиган 40% пеня;23.10.2025;Нач. 20% пени по коду: 1;23.10.2025;0;0;0;0;0;0;0;66 604,39;21.10.2025 - 23.10.2025;0;75 907,93;0
Тошкент шаҳар Янгиҳаёт тумани;199;СОРЖ га ундириладиган 40% пеня;23.10.2025;Нач. 20% пени по коду: 32;23.10.2025;0;0;0;0;0;0;0;79 188,16;21.10.2025 - 23.10.2025;0;155 096,09;0
Тошкент шаҳар Янгиҳаёт тумани;199;СОРЖ га ундириладиган 40% пеня;23.10.2025;Нач. 20% пени по коду: 36;23.10.2025;0;0;0;0;0;0;0;6 158,39;22.10.2025 - 23.10.2025;0;161 254,48;0
Тошкент шаҳар Янгиҳаёт тумани;199;СОРЖ га ундириладиган 40% пеня;23.10.2025;Нач. 20% пени по коду: 46;23.10.2025;0;0;0;0;0;0;0;6 118,12;22.10.2025 - 23.10.2025;0;167 372,60;0
Тошкент шаҳар Янгиҳаёт тумани;199;СОРЖ га ундириладиган 40% пеня;23.10.2025;Нач. 20% пени по коду: 186;23.10.2025;0;0;0;0;0;0;0;652,19;22.10.2025 - 23.10.2025;0;168 024,79;0
Тошкент шаҳар Янгиҳаёт тумани;199;СОРЖ га ундириладиган 40% пеня;31.10.2025;Пост.сог.Заключ №6014917001 Прочие ;24.10.2025;0;0;168 038,45;0;0;168 038,45;0;0;;0;168 024,79;0
Тошкент шаҳар Янгиҳаёт тумани;199;СОРЖ га ундириладиган 40% пеня;24.10.2025;Нач. 20% пени по коду: 36;24.10.2025;0;0;0;0;0;0;0;13,66;24.10.2025 - 24.10.2025;168 038,45;0;0
Тошкент шаҳар Янгиҳаёт тумани;199;СОРЖ га ундириладиган 40% пеня;31.12.2025;Сальдо на 31.12.2025 г.;31.12.2025;0;0;5 974 989,09;220 000,00;0;0;0;1 230 125,66;01.01.2025 - 31.12.2025;10 068 557,76;0;0
